--
-- PostgreSQL database dump
--

\restrict UdQb6YmsfbrRrNaeilwX0Qm9LOdKaheacjlNRFhuhJPgT5YehQzSZCxZu2nGsxm

-- Dumped from database version 16.13 (Ubuntu 16.13-0ubuntu0.24.04.1)
-- Dumped by pg_dump version 18.1

-- Started on 2026-04-29 13:52:25

SET statement_timeout = 0;
SET lock_timeout = 0;
SET idle_in_transaction_session_timeout = 0;
SET transaction_timeout = 0;
SET client_encoding = 'UTF8';
SET standard_conforming_strings = on;
SELECT pg_catalog.set_config('search_path', '', false);
SET check_function_bodies = false;
SET xmloption = content;
SET client_min_messages = warning;
SET row_security = off;

--
-- TOC entry 4 (class 2615 OID 2200)
-- Name: public; Type: SCHEMA; Schema: -; Owner: pg_database_owner
--

CREATE SCHEMA public;


ALTER SCHEMA public OWNER TO pg_database_owner;

--
-- TOC entry 3527 (class 0 OID 0)
-- Dependencies: 4
-- Name: SCHEMA public; Type: COMMENT; Schema: -; Owner: pg_database_owner
--

COMMENT ON SCHEMA public IS 'standard public schema';


SET default_tablespace = '';

SET default_table_access_method = heap;

--
-- TOC entry 215 (class 1259 OID 16389)
-- Name: Attendance; Type: TABLE; Schema: public; Owner: postgres
--

CREATE TABLE public."Attendance" (
    "Id" integer NOT NULL,
    "StudentId" integer NOT NULL,
    "TypeId" integer,
    "Date" date NOT NULL,
    "SubjectId" integer NOT NULL
);


ALTER TABLE public."Attendance" OWNER TO postgres;

--
-- TOC entry 216 (class 1259 OID 16392)
-- Name: AttendanceType; Type: TABLE; Schema: public; Owner: postgres
--

CREATE TABLE public."AttendanceType" (
    "Id" integer NOT NULL,
    "Name" character varying NOT NULL
);


ALTER TABLE public."AttendanceType" OWNER TO postgres;

--
-- TOC entry 217 (class 1259 OID 16397)
-- Name: Attendance_Id_seq; Type: SEQUENCE; Schema: public; Owner: postgres
--

ALTER TABLE public."Attendance" ALTER COLUMN "Id" ADD GENERATED ALWAYS AS IDENTITY (
    SEQUENCE NAME public."Attendance_Id_seq"
    START WITH 1
    INCREMENT BY 1
    NO MINVALUE
    NO MAXVALUE
    CACHE 1
);


--
-- TOC entry 218 (class 1259 OID 16398)
-- Name: Grade; Type: TABLE; Schema: public; Owner: postgres
--

CREATE TABLE public."Grade" (
    "Id" integer NOT NULL,
    "StudentId" integer NOT NULL,
    "Grade" integer NOT NULL,
    "Date" date NOT NULL,
    "SubjectId" integer NOT NULL
);


ALTER TABLE public."Grade" OWNER TO postgres;

--
-- TOC entry 219 (class 1259 OID 16401)
-- Name: Grade_Id_seq; Type: SEQUENCE; Schema: public; Owner: postgres
--

ALTER TABLE public."Grade" ALTER COLUMN "Id" ADD GENERATED ALWAYS AS IDENTITY (
    SEQUENCE NAME public."Grade_Id_seq"
    START WITH 1
    INCREMENT BY 1
    NO MINVALUE
    NO MAXVALUE
    CACHE 1
);


--
-- TOC entry 220 (class 1259 OID 16402)
-- Name: Group; Type: TABLE; Schema: public; Owner: postgres
--

CREATE TABLE public."Group" (
    "Id" integer NOT NULL,
    "Name" character varying NOT NULL
);


ALTER TABLE public."Group" OWNER TO postgres;

--
-- TOC entry 221 (class 1259 OID 16407)
-- Name: Group_Id_seq; Type: SEQUENCE; Schema: public; Owner: postgres
--

ALTER TABLE public."Group" ALTER COLUMN "Id" ADD GENERATED ALWAYS AS IDENTITY (
    SEQUENCE NAME public."Group_Id_seq"
    START WITH 1
    INCREMENT BY 1
    NO MINVALUE
    NO MAXVALUE
    CACHE 1
);


--
-- TOC entry 222 (class 1259 OID 16408)
-- Name: Lesson; Type: TABLE; Schema: public; Owner: postgres
--

CREATE TABLE public."Lesson" (
    "Id" integer NOT NULL,
    "Date" date NOT NULL,
    "Number" integer NOT NULL,
    "UserId" integer NOT NULL,
    "SubjectId" integer NOT NULL,
    "GroupId" integer NOT NULL,
    "TopicId" integer,
    "Classroom" character varying,
    "Comment" character varying
);


ALTER TABLE public."Lesson" OWNER TO postgres;

--
-- TOC entry 223 (class 1259 OID 16413)
-- Name: Lesson_Id_seq; Type: SEQUENCE; Schema: public; Owner: postgres
--

ALTER TABLE public."Lesson" ALTER COLUMN "Id" ADD GENERATED ALWAYS AS IDENTITY (
    SEQUENCE NAME public."Lesson_Id_seq"
    START WITH 1
    INCREMENT BY 1
    NO MINVALUE
    NO MAXVALUE
    CACHE 1
);


--
-- TOC entry 224 (class 1259 OID 16414)
-- Name: Role; Type: TABLE; Schema: public; Owner: postgres
--

CREATE TABLE public."Role" (
    "Id" integer NOT NULL,
    "Name" character varying(30) NOT NULL
);


ALTER TABLE public."Role" OWNER TO postgres;

--
-- TOC entry 225 (class 1259 OID 16417)
-- Name: Student; Type: TABLE; Schema: public; Owner: postgres
--

CREATE TABLE public."Student" (
    "Id" integer NOT NULL,
    "FullName" character varying NOT NULL,
    "GroupId" integer NOT NULL
);


ALTER TABLE public."Student" OWNER TO postgres;

--
-- TOC entry 226 (class 1259 OID 16422)
-- Name: StudentTopic; Type: TABLE; Schema: public; Owner: postgres
--

CREATE TABLE public."StudentTopic" (
    "Id" integer NOT NULL,
    "StudentId" integer NOT NULL,
    "TopicId" integer NOT NULL,
    "IsSubmitted" boolean
);


ALTER TABLE public."StudentTopic" OWNER TO postgres;

--
-- TOC entry 227 (class 1259 OID 16425)
-- Name: StudentTopic_Id_seq; Type: SEQUENCE; Schema: public; Owner: postgres
--

ALTER TABLE public."StudentTopic" ALTER COLUMN "Id" ADD GENERATED ALWAYS AS IDENTITY (
    SEQUENCE NAME public."StudentTopic_Id_seq"
    START WITH 1
    INCREMENT BY 1
    NO MINVALUE
    NO MAXVALUE
    CACHE 1
);


--
-- TOC entry 228 (class 1259 OID 16426)
-- Name: Student_Id_seq; Type: SEQUENCE; Schema: public; Owner: postgres
--

ALTER TABLE public."Student" ALTER COLUMN "Id" ADD GENERATED ALWAYS AS IDENTITY (
    SEQUENCE NAME public."Student_Id_seq"
    START WITH 1
    INCREMENT BY 1
    NO MINVALUE
    NO MAXVALUE
    CACHE 1
);


--
-- TOC entry 229 (class 1259 OID 16427)
-- Name: Subject; Type: TABLE; Schema: public; Owner: postgres
--

CREATE TABLE public."Subject" (
    "Id" integer NOT NULL,
    "Name" character varying NOT NULL,
    "Total_hours" integer
);


ALTER TABLE public."Subject" OWNER TO postgres;

--
-- TOC entry 230 (class 1259 OID 16432)
-- Name: Subject_Id_seq; Type: SEQUENCE; Schema: public; Owner: postgres
--

ALTER TABLE public."Subject" ALTER COLUMN "Id" ADD GENERATED ALWAYS AS IDENTITY (
    SEQUENCE NAME public."Subject_Id_seq"
    START WITH 1
    INCREMENT BY 1
    NO MINVALUE
    NO MAXVALUE
    CACHE 1
);


--
-- TOC entry 231 (class 1259 OID 16433)
-- Name: Topic; Type: TABLE; Schema: public; Owner: postgres
--

CREATE TABLE public."Topic" (
    "Id" integer NOT NULL,
    "Name" character varying,
    "TypeId" integer,
    "SubjectId" integer NOT NULL,
    "Homework" character varying
);


ALTER TABLE public."Topic" OWNER TO postgres;

--
-- TOC entry 232 (class 1259 OID 16438)
-- Name: TopicType; Type: TABLE; Schema: public; Owner: postgres
--

CREATE TABLE public."TopicType" (
    "Id" integer NOT NULL,
    "Name" character varying NOT NULL
);


ALTER TABLE public."TopicType" OWNER TO postgres;

--
-- TOC entry 233 (class 1259 OID 16443)
-- Name: Topic_Id_seq; Type: SEQUENCE; Schema: public; Owner: postgres
--

ALTER TABLE public."Topic" ALTER COLUMN "Id" ADD GENERATED ALWAYS AS IDENTITY (
    SEQUENCE NAME public."Topic_Id_seq"
    START WITH 1
    INCREMENT BY 1
    NO MINVALUE
    NO MAXVALUE
    CACHE 1
);


--
-- TOC entry 234 (class 1259 OID 16444)
-- Name: User; Type: TABLE; Schema: public; Owner: postgres
--

CREATE TABLE public."User" (
    "Id" integer NOT NULL,
    "Login" character varying NOT NULL,
    "PasswordHash" character varying,
    "FullName" character varying NOT NULL,
    "RoleId" integer NOT NULL,
    "RefreshTokenHash" character varying,
    "TokenExpiresAt" timestamp without time zone
);


ALTER TABLE public."User" OWNER TO postgres;

--
-- TOC entry 237 (class 1259 OID 24757)
-- Name: UserGroupSubject; Type: TABLE; Schema: public; Owner: postgres
--

CREATE TABLE public."UserGroupSubject" (
    "UserId" integer NOT NULL,
    "GroupId" integer NOT NULL,
    "SubjectId" integer NOT NULL
);


ALTER TABLE public."UserGroupSubject" OWNER TO postgres;

--
-- TOC entry 235 (class 1259 OID 16449)
-- Name: User_Id_seq; Type: SEQUENCE; Schema: public; Owner: postgres
--

ALTER TABLE public."User" ALTER COLUMN "Id" ADD GENERATED ALWAYS AS IDENTITY (
    SEQUENCE NAME public."User_Id_seq"
    START WITH 1
    INCREMENT BY 1
    NO MINVALUE
    NO MAXVALUE
    CACHE 1
);


--
-- TOC entry 236 (class 1259 OID 16549)
-- Name: system_settings; Type: TABLE; Schema: public; Owner: postgres
--

CREATE TABLE public.system_settings (
    key character varying(100) NOT NULL,
    value text,
    updated_at timestamp without time zone DEFAULT CURRENT_TIMESTAMP
);


ALTER TABLE public.system_settings OWNER TO postgres;

--
-- TOC entry 3499 (class 0 OID 16389)
-- Dependencies: 215
-- Data for Name: Attendance; Type: TABLE DATA; Schema: public; Owner: postgres
--

COPY public."Attendance" ("Id", "StudentId", "TypeId", "Date", "SubjectId") FROM stdin;
\.


--
-- TOC entry 3500 (class 0 OID 16392)
-- Dependencies: 216
-- Data for Name: AttendanceType; Type: TABLE DATA; Schema: public; Owner: postgres
--

COPY public."AttendanceType" ("Id", "Name") FROM stdin;
5	от
4	ув
3	уш
2	оп
1	нб
\.


--
-- TOC entry 3502 (class 0 OID 16398)
-- Dependencies: 218
-- Data for Name: Grade; Type: TABLE DATA; Schema: public; Owner: postgres
--

COPY public."Grade" ("Id", "StudentId", "Grade", "Date", "SubjectId") FROM stdin;
\.


--
-- TOC entry 3504 (class 0 OID 16402)
-- Dependencies: 220
-- Data for Name: Group; Type: TABLE DATA; Schema: public; Owner: postgres
--

COPY public."Group" ("Id", "Name") FROM stdin;
1	4-22 ИСП-8
2	1-25 АСУ-6 (п)
3	1-25 Б-104
4	2-24 АСУ-4 (п)
5	5-21 ЭПУ-3
6	1-25 РПИ-5
7	1-25 ЭВТ-76
8	2-24 Б-101
9	1-25 ОПИ-1
10	1-25 ПМП-61 (п)
11	3-23 Б-99
12	4-22 ЭВТ-73
13	4-22 ЭПУ-4
14	3-23 ЭПУ-5
15	3-23 ПМП-59
16	3-23 ИСП-9
17	1-25 ТПН-2
18	3-23 ЭМЭ-85,87
19	2-24 ТПО-1
20	1-25 АДТ-4 (п)
21	3-23 ОСП-8(п)
22	2-24 ССА-6
23	4-22 ССА-4
24	1-25 ИСП-10
25	2-24 ОСП-10 (п)
26	3-23 РЗА-1
27	4-22 ЭКО-26
28	1-25 АСУ-5 (п)
29	2-24 ЭМО-1 (п)
30	3-23 АДТ-2
31	1-25 РПИ-4
32	1-25 ИКС-8
33	5-21 ИКС-4
34	1-25 ССА-7 (п)
35	2-24 ЭСА-1 (п)
36	4-22 ХТО-1
37	2-24 ЭМО-2 (п)
38	1-25 ЭМО-5 (п)
39	1-25 ТЭС-2
40	2-24 АДТ-3 (п)
41	2-24 ЭКБ-3
42	2-24 ТЭС-1
43	2-24 ПМП-60 (п)
44	3-23 АСУ-3
45	2-24 ТПН-1
46	1-25 ТПО-2
47	3-23 ССА-5
48	1-25 ЭСА-2 (п)
49	2-24 ЭВТ-75
50	2-24 ИКС-7
51	3-23 ЭС-2
52	3-23 ЭВТ-74
53	4-22 АДТ-1
54	2-24 РПИ-3
55	3-23 ЭКБ-1,2
56	4-22 ИКС-5
57	1-25 ЭМО-4 (п)
58	1-25 ЭМО-3 (п)
59	3-23 ЭКБ-1
60	2-24 ПКД-9  Поварское и кондитерское дело
61	4-22 ТПИ-1 Технология парикмахерского искусства
62	2-24 ПКД-8 Поварское и кондитерское дело
63	1-25 КМТ-2 Конструирование, моделирование и технологияя изготовления изделий легкой промышленности (по видам)
64	4-22 ПКД-1 Поварское и кондитерское дело
65	3-23 ПКД-5 Поварское и кондитерское дело
66	2-24 ПКД-7 Поварское и кондитерское дело
67	2-24 ТК-3, ТК-4 Технологии индустрии красоты
68	2-24 КМТ-1 Конструирование, моделирование и технология изготовления изделий легкой промышленности (по отраслям)
69	1-25 ПКД-10 Поварское и кондитерское дело
70	4-22 ПКД-2 Поварское и кондитерское дело
71	3-23 ПКД-4 Поварское и кондитерское дело
72	2-24 РКЛ-1 Реклама
73	4-22 ПКД-3 Поварское и кондитерское дело
74	1-25 ПКД-11 Поварское и кондитерское дело
75	3-23 ПКД-6 Поварское и кондитерское дело
76	1-25 ПКД-12 Поварское и кондитерское дело
77	2-24 ТИГ-1 Туризм и гостеприимство
78	1-25 РКЛ-2 Реклама
79	1-25 ТИГ-2 Туризм и гостеприимство
80	1-25 ТК-5 Технологии индустрии красоты
81	1-25 ЭБП-2 эксплуатация беспилотных авиационных систем
82	3-23 ТК-1, 2 Технологии индустрии красоты
83	1-25 ЭБП-2 Эксплуатация беспилотных авиационных систем
84	1-25 МЭС-2
85	2-24 ТОА-10
86	2-24 СЭ-9
87	1-24 ОРП-2
88	2-24 МЭС-1
89	2-24 ЭБП-1
90	2-24 ТОА-11
91	1-25 РАТ-2
92	1-25 РАТ-1
93	1-25 СЭ-11
94	1-25 РЗ-9
95	1-25 ШТ-4
96	2-24 МСР-2
97	3-23 ТОА-7
98	1-25 ЭМД-2
99	3-23 ТОА-8
100	1-25 СЭ-10
101	2-24 ЭМД-1
102	3-23 СЭ-7/8
103	1-25 РЗ-8
104	1-25 ОРП-2
105	1-25 ШТ-3
106	1-25 ШВ-7
107	4-22 ТОА-5
108	2-24 ОРП-1
109	1-25 СП-2 (п) 
110	1-25 ТМ-17 (п)
111	1-25 МПЧ-2 (п)
112	3-23 СП-7
113	2-24 МПД-2 (п)
114	2-24 ОМП-1
115	3-23 МРО-5(п)
116	1-25 МПД-4 (п)
117	1-25 ОМП-2
118	1-25 ОМП-3
119	3-23 ОМД-7(п)
120	2-24 МОЭ-1 (п)
121	2-24 МПД-1 (п)
122	2-24 СРМ-17
123	1-25 МОЭ-3 (п)
124	2-24 ТМ-16 (п)
125	4-22 СП-6
126	1-25 СП-3 (п)
127	1-25 ТМ-18 (п)
128	2-24 МПЧ-1 (п)
129	3-23 ТМ-11(п)
130	2-24 СП-1 (п)
131	3-23 МЧМ-2(п)
132	1-25 МПД-3 (п)
133	1-25 МОЭ-2 (п)
134	2-24 ТМ-15 (п)
135	3-23 ТМ-12(п)
136	3-23 ИКС-6
137	3-23 ЭМЭ-85
138	4-22 ЭМЭ-83
139	3-23 ХТО-2
140	4-22 АСУ-2
141	4-22 ЭС-1
142	2-24 Б 101                                       
143	1-25 АДТ-4
\.


--
-- TOC entry 3506 (class 0 OID 16408)
-- Dependencies: 222
-- Data for Name: Lesson; Type: TABLE DATA; Schema: public; Owner: postgres
--

COPY public."Lesson" ("Id", "Date", "Number", "UserId", "SubjectId", "GroupId", "TopicId", "Classroom", "Comment") FROM stdin;
910	2025-11-27	1	3	16	2	\N	3.2ВЦ	\N
911	2025-11-27	2	4	2	2	\N	3.8ВЦ	\N
912	2025-11-27	3	5	3	2	\N	201	\N
946	2025-11-27	1	25	22	14	\N	null	\N
947	2025-11-27	2	25	22	14	\N	null	\N
1003	2025-11-27	4	3	16	28	\N	3.2ВЦ	\N
1004	2025-11-27	2	8	49	29	\N	311	\N
1005	2025-11-27	3	9	7	29	\N	117	\N
1031	2025-11-27	1	54	58	36	\N	002	\N
1032	2025-11-27	2	54	58	36	\N	002	\N
1033	2025-11-27	3	26	59	36	\N	321	\N
1034	2025-11-27	4	26	59	36	\N	321	\N
1035	2025-11-27	3	49	60	37	\N	015	\N
1036	2025-11-27	4	20	13	37	\N	108	\N
1037	2025-11-27	5	8	49	37	\N	311	\N
1038	2025-11-27	1	55	3	38	\N	124	\N
1039	2025-11-27	2	12	11	38	\N	3.9ВЦ	\N
1040	2025-11-27	3	56	15	38	\N	1 корпус	\N
1041	2025-11-27	4	49	61	38	\N	015	\N
1042	2025-11-27	1	13	12	39	\N	3.7ВЦ / 3.4ВЦ	\N
1043	2025-11-27	2	5	3	39	\N	201	\N
1044	2025-11-27	3	50	35	39	\N	115	\N
1045	2025-11-27	4	12	11	39	\N	3.9ВЦ	\N
1046	2025-11-27	2	10	9	40	\N	304	\N
1047	2025-11-27	3	57	62	40	\N	326	\N
1048	2025-11-27	4	58	15	40	\N	1 корпус	\N
1049	2025-11-27	5	57	62	40	\N	326	\N
1050	2025-11-27	1	45	63	41	\N	303	\N
1051	2025-11-27	2	41	64	41	\N	310	\N
1052	2025-11-27	3	22	65	41	\N	230	\N
1053	2025-11-27	3	2	66	1	\N	216	\N
1054	2025-11-27	4	2	1	1	\N	216	\N
1055	2025-11-27	5	59	67	1	\N	308	\N
1056	2025-11-27	1	41	4	42	\N	310	\N
1057	2025-11-27	2	60	68	42	\N	203	\N
1058	2025-11-27	3	60	68	42	\N	203	\N
1059	2025-11-27	1	61	13	43	\N	307	\N
1060	2025-11-27	2	19	69	43	\N	006	\N
1061	2025-11-27	3	19	69	43	\N	006	\N
1062	2025-11-27	4	37	38	43	\N	1 корпус	\N
1063	2025-11-27	1	62	70	44	\N	Корпус 4	\N
1064	2025-11-27	2	62	70	44	\N	Корпус 4	\N
1065	2025-11-27	3	62	71	44	\N	Корпус 4	\N
1066	2025-11-27	4	62	72	44	\N	Корпус 4	\N
1067	2025-11-27	2	32	32	45	\N	312	\N
1068	2025-11-27	3	32	32	45	\N	312	\N
1069	2025-11-27	4	33	30	45	\N	324	\N
1070	2025-11-27	5	4	73	45	\N	3.8ВЦ	\N
1071	2025-11-27	1	33	43	46	\N	324	\N
1072	2025-11-27	2	14	3	46	\N	202	\N
1073	2025-11-27	3	4	2	46	\N	3.8ВЦ	\N
1074	2025-11-27	4	14	3	46	\N	202	\N
1075	2025-11-27	1	63	74	47	\N	217	\N
1076	2025-11-27	2	63	74	47	\N	217	\N
1077	2025-11-27	3	63	74	47	\N	217	\N
1078	2025-11-27	4	63	74	47	\N	217	\N
1079	2025-11-27	1	64	16	48	\N	3.5ВЦ	\N
1080	2025-11-27	2	64	16	48	\N	3.5ВЦ	\N
1081	2025-11-27	3	64	5	48	\N	3.5ВЦ	\N
1082	2025-11-27	4	50	35	48	\N	115	\N
1083	2025-11-27	1	65	75	49	\N	326 / 213	\N
1084	2025-11-27	2	65	75	49	\N	326 / 213	\N
1085	2025-11-27	3	25	76	49	\N	null	\N
1086	2025-11-27	4	25	76	49	\N	null	\N
1087	2025-11-27	2	43	77	50	\N	120	\N
1088	2025-11-27	3	42	78	50	\N	104	\N
1089	2025-11-27	4	55	3	50	\N	117	\N
1090	2025-11-27	5	55	3	50	\N	124	\N
1091	2025-11-27	2	66	79	51	\N	224	\N
1092	2025-11-27	3	67	80	51	\N	224	\N
1093	2025-11-27	4	67	80	51	\N	224	\N
1094	2025-11-27	5	67	81	51	\N	224	\N
1095	2025-11-27	3	28	82	52	\N	220	\N
1096	2025-11-27	4	17	39	52	\N	222	\N
1097	2025-11-27	5	38	40	52	\N	204	\N
1098	2025-11-27	6	38	40	52	\N	204	\N
1099	2025-11-27	1	68	83	53	\N	Кванториум	\N
1100	2025-11-27	2	68	83	53	\N	Кванториум	\N
1101	2025-11-27	3	68	84	53	\N	Кванториум	\N
1102	2025-11-27	1	4	73	54	\N	3.8ВЦ	\N
1103	2025-11-27	2	45	85	54	\N	303	\N
1104	2025-11-27	1	27	7	55	\N	308	\N
1105	2025-11-27	2	61	8	55	\N	307	\N
1106	2025-11-27	3	61	86	55	\N	307	\N
1107	2025-11-27	1	69	87	56	\N	УП маст.	\N
1108	2025-11-27	2	69	87	56	\N	УП маст.	\N
1109	2025-11-27	3	69	87	56	\N	УП маст.	\N
1110	2025-11-27	4	69	87	56	\N	УП маст.	\N
1111	2025-11-28	1	70	12	2	\N	3.7ВЦ / 3.21ВЦ	\N
1112	2025-11-28	2	5	3	2	\N	201	\N
1113	2025-11-28	3	5	3	2	\N	201	\N
1114	2025-11-28	1	5	4	3	\N	201	\N
1115	2025-11-28	2	71	53	3	\N	208	\N
1116	2025-11-28	3	27	35	3	\N	306	\N
1117	2025-11-28	4	3	16	3	\N	3.2ВЦ	\N
1118	2025-11-28	1	72	38	4	\N	1 корпус	\N
1213	2025-11-28	5	38	57	35	\N	204	\N
69081	2025-12-18	2	35	34	2	\N	226 / 122	\N
69083	2025-12-18	4	3	5	2	\N	3.2ВЦ	\N
69084	2025-12-18	5	3	5	2	\N	3.2ВЦ	\N
69085	2025-12-18	4	5	373	3	\N	201	\N
69124	2025-12-18	3	28	353	16	\N	220	\N
69125	2025-12-18	4	28	353	16	\N	220	\N
1284	2025-11-28	3	40	38	55	\N	1 корпус	\N
1286	2025-11-28	1	83	4	58	\N	309	\N
1287	2025-11-28	2	79	2	58	\N	  32ац	\N
69126	2025-12-18	2	7	5	17	\N	3.15ВЦ	\N
69127	2025-12-18	3	7	5	17	\N	3.15ВЦ	\N
69128	2025-12-18	4	6	2	17	\N	305	\N
1006	2025-11-27	4	10	9	29	\N	304	\N
1007	2025-11-27	5	47	50	29	\N	117	\N
1008	2025-11-27	1	48	52	30	\N	null	\N
1010	2025-11-27	2	48	52	30	\N	null	\N
1012	2025-11-27	3	24	53	30	\N	3.14ВЦ	\N
1013	2025-11-27	4	24	53	30	\N	3.14ВЦ	\N
1014	2025-11-27	1	49	54	31	\N	015	\N
1015	2025-11-27	2	49	54	31	\N	015	\N
1016	2025-11-27	3	20	13	31	\N	108	\N
1017	2025-11-27	4	42	4	31	\N	104	\N
1018	2025-11-27	1	20	43	32	\N	108	\N
1019	2025-11-27	2	50	35	32	\N	115	\N
1020	2025-11-27	3	51	15	32	\N	1 корпус	\N
1021	2025-11-27	4	15	13	32	\N	302	\N
1022	2025-11-27	5	52	55	33	\N	null	\N
1023	2025-11-27	6	52	56	33	\N	null	\N
1024	2025-11-27	7	24	21	33	\N	null	\N
1025	2025-11-27	1	14	3	34	\N	202	\N
1026	2025-11-27	2	3	16	34	\N	3.2ВЦ	\N
1027	2025-11-27	3	41	4	34	\N	310	\N
1028	2025-11-27	4	41	4	34	\N	310	\N
1029	2025-11-27	2	53	38	35	\N	1 корпус	\N
1030	2025-11-27	3	38	57	35	\N	204	\N
1119	2025-11-28	2	10	9	4	\N	304	\N
1120	2025-11-28	6	23	88	5	\N	null	\N
1121	2025-11-28	1	14	3	6	\N	202	\N
1122	2025-11-28	2	20	13	6	\N	108	\N
1123	2025-11-28	3	73	4	6	\N	302	\N
1124	2025-11-28	4	6	2	6	\N	305	\N
1125	2025-11-28	1	74	89	7	\N	307 / 204	\N
1126	2025-11-28	2	15	13	7	\N	312	\N
1127	2025-11-28	2	75	90	8	\N	206	\N
1128	2025-11-28	3	72	38	8	\N	1 корпус	\N
1129	2025-11-28	4	75	90	8	\N	206	\N
1130	2025-11-28	5	6	2	8	\N	305	\N
1131	2025-11-28	2	7	5	9	\N	3.15ВЦ	\N
1132	2025-11-28	3	13	12	9	\N	3.7ВЦ / 3.4ВЦ	\N
1133	2025-11-28	4	73	4	9	\N	302	\N
1134	2025-11-28	2	73	4	10	\N	302	\N
1135	2025-11-28	3	7	16	10	\N	3.15ВЦ	\N
1136	2025-11-28	4	7	16	10	\N	3.15ВЦ	\N
1137	2025-11-28	1	27	7	11	\N	306	\N
1138	2025-11-28	2	17	91	11	\N	222	\N
1139	2025-11-28	3	22	17	11	\N	206	\N
1140	2025-11-28	4	22	92	11	\N	311	\N
1141	2025-11-28	2	28	93	12	\N	220	\N
1142	2025-11-28	3	76	94	12	\N	230	\N
1143	2025-11-28	4	76	94	12	\N	230	\N
1154	2025-11-28	3	33	97	15	\N	324	\N
1155	2025-11-28	1	28	26	16	\N	220	\N
1156	2025-11-28	2	42	98	16	\N	104	\N
1157	2025-11-28	1	73	4	17	\N	302	\N
1158	2025-11-28	2	27	35	17	\N	306	\N
1159	2025-11-28	3	14	3	17	\N	202	\N
1160	2025-11-28	4	77	99	17	\N	226 / 3.21ВЦ	\N
1161	2025-11-28	1	31	28	18	\N	010	\N
1201	2025-11-28	2	3	5	32	\N	3.2ВЦ	\N
1202	2025-11-28	3	15	13	32	\N	312	\N
1214	2025-11-28	6	38	57	35	\N	204	\N
1215	2025-11-28	2	82	53	36	\N	3.4ВЦ	\N
1216	2025-11-28	3	54	58	36	\N	002	\N
1217	2025-11-28	4	54	58	36	\N	002	\N
1218	2025-11-28	1	49	60	37	\N	311	\N
1219	2025-11-28	2	49	60	37	\N	311	\N
1220	2025-11-28	3	17	105	37	\N	301	\N
1221	2025-11-28	4	17	105	37	\N	301	\N
1222	2025-11-28	1	64	16	57	\N	3.5ВЦ	\N
21323	2025-12-04	3	5	3	2	\N	201	\N
21336	2025-12-04	1	12	11	7	\N	3.9ВЦ	\N
21411	2025-12-04	4	42	4	31	\N	104	\N
21412	2025-12-04	5	12	11	31	\N	3.9ВЦ	\N
21413	2025-12-04	1	20	235	32	\N	108	\N
21414	2025-12-04	2	50	35	32	\N	115	\N
29996	2025-12-06	1	15	13	35	\N	117	\N
29997	2025-12-06	2	15	13	35	\N	117	\N
29998	2025-12-06	3	6	2	7	\N	null	\N
29999	2025-12-06	4	6	2	7	\N	null	\N
29995	2025-12-06	2	8	235	6	\N	311	\N
21415	2025-12-04	3	14	3	32	\N	202	\N
21416	2025-12-04	4	15	13	32	\N	118	\N
21417	2025-12-04	5	20	6	32	\N	108	\N
65417	2025-12-17	4	52	56	33	\N	null	\N
69129	2025-12-18	5	6	2	17	\N	305	\N
58205	2025-12-15	1	5	4	2	\N	201	\N
58206	2025-12-15	2	5	3	2	\N	201	\N
21418	2025-12-04	1	76	245	136	\N	230	\N
21419	2025-12-04	2	76	245	136	\N	230	\N
21420	2025-12-04	3	76	245	136	\N	230	\N
21421	2025-12-04	4	91	55	33	\N	null	\N
21422	2025-12-04	5	11	10	33	\N	null	\N
21423	2025-12-04	6	17	264	33	\N	null	\N
21424	2025-12-04	7	17	296	33	\N	null	\N
21425	2025-12-04	1	14	3	34	\N	202	\N
21426	2025-12-04	2	3	16	34	\N	3.2ВЦ	\N
21427	2025-12-04	3	41	4	34	\N	310	\N
21428	2025-12-04	4	41	4	34	\N	310	\N
21429	2025-12-04	1	27	7	35	\N	306	\N
21430	2025-12-04	2	10	9	35	\N	304	\N
21431	2025-12-04	3	27	7	35	\N	306	\N
58207	2025-12-15	1	6	2	3	\N	305	\N
46351	2025-12-11	4	14	3	6	\N	202	\N
46352	2025-12-11	1	198	34	7	\N	УП мастерские 	\N
46353	2025-12-11	2	16	12	7	\N	3.14ВЦ / 3.21ВЦ	\N
46354	2025-12-11	3	15	13	7	\N	308	\N
46355	2025-12-11	1	75	336	8	\N	206	\N
46356	2025-12-11	1	6	2	9	\N	305	\N
46357	2025-12-11	2	20	13	9	\N	108	\N
58217	2025-12-15	5	5	4	6	\N	201	\N
58218	2025-12-15	2	16	12	7	\N	3.14ВЦ / 3.21ВЦ	\N
69130	2025-12-18	3	31	354	18	\N	010	\N
55065	2025-12-13	2	5	4	28	\N	201	\N
948	2025-11-27	3	23	23	14	\N	106	\N
949	2025-11-27	4	23	23	14	\N	106	\N
950	2025-11-27	1	26	24	15	\N	321	\N
951	2025-11-27	2	26	25	15	\N	321	\N
952	2025-11-27	3	27	7	15	\N	306	\N
953	2025-11-27	4	27	7	15	\N	306	\N
954	2025-11-27	1	28	26	16	\N	220	\N
955	2025-11-27	2	28	26	16	\N	220	\N
956	2025-11-27	2	6	2	17	\N	305	\N
957	2025-11-27	3	29	27	17	\N	Читальный зал	\N
958	2025-11-27	4	7	5	17	\N	3.15ВЦ	\N
959	2025-11-27	5	6	2	17	\N	305	\N
960	2025-11-27	2	30	15	18	\N	1 корпус	\N
961	2025-11-27	3	31	28	18	\N	010	\N
962	2025-11-27	4	31	28	18	\N	010	\N
963	2025-11-27	1	32	29	19	\N	312	\N
964	2025-11-27	2	33	30	19	\N	324	\N
965	2025-11-27	3	34	31	19	\N	3.4ВЦ / 3.21ВЦ	\N
966	2025-11-27	4	32	32	19	\N	312	\N
967	2025-11-27	5	32	33	19	\N	312	\N
968	2025-11-27	1	35	34	20	\N	226 / 122	\N
969	2025-11-27	2	27	35	20	\N	306	\N
970	2025-11-27	3	6	2	20	\N	305	\N
971	2025-11-27	4	4	36	20	\N	3.8ВЦ	\N
972	2025-11-27	2	36	37	21	\N	203	\N
973	2025-11-27	3	36	37	21	\N	203	\N
974	2025-11-27	4	13	31	21	\N	3.4ВЦ / 3.4ВЦ	\N
975	2025-11-27	5	37	38	21	\N	1 корпус	\N
976	2025-11-27	1	16	31	22	\N	3.14ВЦ / 3.21ВЦ	\N
977	2025-11-27	2	17	39	22	\N	222	\N
978	2025-11-27	3	17	39	22	\N	222	\N
979	2025-11-27	4	38	40	22	\N	204	\N
980	2025-11-27	1	39	41	23	\N	215	\N
981	2025-11-27	2	39	42	23	\N	215	\N
982	2025-11-27	3	39	42	23	\N	215	\N
983	2025-11-27	4	40	38	23	\N	1 корпус	\N
984	2025-11-27	2	15	13	24	\N	302	\N
985	2025-11-27	3	33	43	24	\N	324	\N
986	2025-11-27	4	35	34	24	\N	226 / 122	\N
987	2025-11-27	5	41	4	24	\N	310	\N
988	2025-11-27	1	42	4	25	\N	104	\N
989	2025-11-27	2	42	4	25	\N	104	\N
990	2025-11-27	3	43	44	25	\N	120	\N
991	2025-11-27	4	43	44	25	\N	120	\N
992	2025-11-27	1	44	45	26	\N	118	\N
993	2025-11-27	2	44	45	26	\N	118	\N
994	2025-11-27	3	44	45	26	\N	118	\N
995	2025-11-27	4	44	45	26	\N	118	\N
998	2025-11-27	5	45	47	27	\N	303	\N
999	2025-11-27	6	46	48	27	\N	314	\N
1000	2025-11-27	1	5	4	28	\N	201	\N
11760	2025-12-02	1	3	16	2	\N	3.2ВЦ	\N
11761	2025-12-02	2	35	34	2	\N	226 / 122	\N
11762	2025-12-02	3	84	43	2	\N	328	\N
11763	2025-12-02	1	6	2	3	\N	305	\N
11764	2025-12-02	2	14	3	3	\N	202	\N
11765	2025-12-02	3	27	35	3	\N	306	\N
11766	2025-12-02	4	5	4	3	\N	201	\N
11767	2025-12-02	1	9	194	4	\N	117	\N
11768	2025-12-02	2	43	44	4	\N	120	\N
11769	2025-12-02	3	43	44	4	\N	120	\N
11770	2025-12-02	4	10	9	4	\N	304	\N
11771	2025-12-02	1	7	5	6	\N	3.15ВЦ	\N
11772	2025-12-02	2	13	12	6	\N	3.7ВЦ / 3.4ВЦ	\N
11792	2025-12-02	2	23	19	12	\N	106	\N
21321	2025-12-04	1	3	16	2	\N	3.2ВЦ	\N
21322	2025-12-04	2	35	34	2	\N	226 / 122	\N
1144	2025-11-28	5	23	19	12	\N	null	\N
1145	2025-11-28	4	53	38	13	\N	null	\N
1146	2025-11-28	5	23	20	13	\N	null	\N
1147	2025-11-28	6	11	10	13	\N	null	\N
1148	2025-11-28	7	23	20	13	\N	null	\N
1149	2025-11-28	1	59	95	14	\N	115	\N
1150	2025-11-28	2	40	38	14	\N	1 корпус	\N
1151	2025-11-28	3	23	96	14	\N	null	\N
1152	2025-11-28	1	26	24	15	\N	321	\N
1153	2025-11-28	2	26	25	15	\N	321	\N
1203	2025-11-28	4	52	55	33	\N	null	\N
1204	2025-11-28	5	52	56	33	\N	null	\N
1205	2025-11-28	6	40	38	33	\N	null	\N
1206	2025-11-28	7	52	55	33	\N	null	\N
1207	2025-11-28	1	41	4	34	\N	310	\N
1208	2025-11-28	2	33	43	34	\N	324	\N
1209	2025-11-28	3	3	16	34	\N	3.2ВЦ	\N
1210	2025-11-28	4	41	4	34	\N	310	\N
1211	2025-11-28	3	79	73	35	\N	  32ац	\N
1212	2025-11-28	4	47	107	35	\N	124	\N
1223	2025-11-28	2	83	4	57	\N	309	\N
1224	2025-11-28	3	29	27	57	\N	Читальный зал	\N
1225	2025-11-28	4	84	43	57	\N	328	\N
1226	2025-11-28	1	35	34	38	\N	226 / 122	\N
1227	2025-11-28	2	16	12	38	\N	3.14ВЦ / 3.21ВЦ	\N
1228	2025-11-28	3	64	16	38	\N	3.5ВЦ	\N
1282	2025-11-28	4	57	68	54	\N	326	\N
1283	2025-11-28	2	90	122	55	\N	314	\N
1285	2025-11-28	4	38	123	55	\N	204	\N
30041	2025-12-06	2	216	308	30	\N	326	\N
30042	2025-12-06	3	216	308	30	\N	326	\N
58219	2025-12-15	3	16	12	7	\N	3.14ВЦ / 3.21ВЦ	\N
26447	2025-12-05	5	81	60	29	\N	308	\N
46416	2025-12-11	1	5	4	28	\N	201	\N
16648	2025-12-03	5	5	4	3	\N	201	\N
16649	2025-12-03	2	43	276	4	\N	120	\N
16650	2025-12-03	3	15	13	4	\N	328	\N
21491	2025-12-04	4	16	31	49	\N	3.14ВЦ / 3.21ВЦ	\N
58220	2025-12-15	4	55	3	7	\N	124	\N
42150	2025-12-10	1	208	21	44	\N	3.21ВЦ	\N
42151	2025-12-10	2	37	38	44	\N	1 корпус	\N
58222	2025-12-15	1	235	278	8	\N	206	\N
913	2025-11-27	4	5	4	2	\N	201	\N
914	2025-11-27	1	6	2	3	\N	305	\N
915	2025-11-27	2	7	5	3	\N	3.15ВЦ	\N
916	2025-11-27	3	8	6	3	\N	311	\N
1299	2025-11-27	4	8	6	3	\N	311	\N
918	2025-11-27	1	9	7	4	\N	117	\N
919	2025-11-27	2	9	8	4	\N	117	\N
920	2025-11-27	3	10	9	4	\N	304	\N
921	2025-11-27	6	11	10	5	\N	null	\N
922	2025-11-27	7	11	10	5	\N	null	\N
923	2025-11-27	1	12	11	6	\N	3.9ВЦ	\N
924	2025-11-27	2	13	12	6	\N	3.4ВЦ / 3.4ВЦ	\N
925	2025-11-27	3	14	3	6	\N	202	\N
926	2025-11-27	1	15	13	7	\N	302	\N
927	2025-11-27	2	16	12	7	\N	3.14ВЦ / 3.21ВЦ	\N
928	2025-11-27	3	15	13	7	\N	302	\N
929	2025-11-27	1	17	4	8	\N	222	\N
930	2025-11-27	2	18	14	8	\N	103	\N
931	2025-11-27	1	19	6	9	\N	006	\N
932	2025-11-27	2	20	13	9	\N	108	\N
933	2025-11-27	3	12	11	9	\N	3.9ВЦ	\N
934	2025-11-27	4	6	2	9	\N	305	\N
935	2025-11-27	1	7	5	10	\N	3.15ВЦ	\N
936	2025-11-27	2	21	15	10	\N	1 корпус	\N
937	2025-11-27	3	7	16	10	\N	3.15ВЦ	\N
938	2025-11-27	1	22	17	11	\N	206	\N
939	2025-11-27	2	22	18	11	\N	230	\N
940	2025-11-27	1	23	19	12	\N	106	\N
941	2025-11-27	2	23	19	12	\N	106	\N
942	2025-11-27	4	11	10	13	\N	null	\N
943	2025-11-27	5	23	20	13	\N	null	\N
944	2025-11-27	6	24	21	13	\N	null	\N
945	2025-11-27	7	23	20	13	\N	null	\N
4529	2025-11-29	1	84	6	2	\N	328	\N
4530	2025-11-29	2	84	6	2	\N	328	\N
4531	2025-11-29	1	92	125	4	\N	103	\N
4532	2025-11-29	2	92	125	4	\N	103	\N
4533	2025-11-29	3	92	125	4	\N	103	\N
4534	2025-11-29	1	45	126	59	\N	303	\N
4535	2025-11-29	2	45	127	59	\N	303	\N
4536	2025-11-29	3	45	122	59	\N	303	\N
4537	2025-11-29	1	32	32	45	\N	312	\N
4538	2025-11-29	2	32	32	45	\N	312	\N
4539	2025-11-29	1	11	10	5	\N	311	\N
4540	2025-11-29	2	23	88	5	\N	106	\N
4541	2025-11-29	3	23	88	5	\N	106	\N
4542	2025-11-29	4	93	128	5	\N	104	\N
4543	2025-11-29	3	32	29	19	\N	312	\N
4544	2025-11-29	4	32	32	19	\N	312	\N
4545	2025-11-29	5	32	33	19	\N	312	\N
4546	2025-11-29	1	63	74	47	\N	217	\N
1288	2025-11-28	3	83	4	58	\N	309	\N
1289	2025-11-28	4	79	36	58	\N	  32ац	\N
11773	2025-12-02	3	6	2	6	\N	305	\N
11774	2025-12-02	1	5	4	7	\N	201	\N
11775	2025-12-02	2	5	4	7	\N	201	\N
11776	2025-12-02	3	15	13	7	\N	308	\N
11777	2025-12-02	1	17	95	8	\N	222	\N
11778	2025-12-02	2	86	79	8	\N	УП маст	\N
11779	2025-12-02	3	17	234	8	\N	222	\N
11780	2025-12-02	4	200	254	8	\N	204 / 204	\N
11781	2025-12-02	2	7	16	9	\N	3.15ВЦ	\N
11782	2025-12-02	3	13	12	9	\N	3.7ВЦ / 3.4ВЦ	\N
11783	2025-12-02	4	209	43	9	\N	каб.006	\N
11784	2025-12-02	5	12	11	9	\N	3.9ВЦ	\N
11785	2025-12-02	1	12	11	10	\N	3.9ВЦ	\N
11786	2025-12-02	2	27	35	10	\N	306	\N
11787	2025-12-02	3	204	12	10	\N	208 / 208	\N
11788	2025-12-02	1	22	92	11	\N	203	\N
11789	2025-12-02	2	75	255	11	\N	206	\N
11790	2025-12-02	3	75	255	11	\N	206	\N
11791	2025-12-02	1	23	19	12	\N	106	\N
1001	2025-11-27	2	35	34	28	\N	226 / 122	\N
1002	2025-11-27	3	3	5	28	\N	3.2ВЦ	\N
4547	2025-11-29	2	63	74	47	\N	217	\N
4548	2025-11-29	3	63	74	47	\N	217	\N
4549	2025-11-29	1	6	2	7	\N	305	\N
4550	2025-11-29	2	6	2	7	\N	305	\N
4551	2025-11-29	2	27	35	57	\N	null	\N
4552	2025-11-29	3	79	2	57	\N	  32ац	\N
4553	2025-11-29	4	79	36	57	\N	  32ац	\N
4554	2025-11-29	1	89	129	53	\N	202	\N
4555	2025-11-29	2	89	129	53	\N	202	\N
4556	2025-11-29	3	89	129	53	\N	202	\N
4557	2025-11-29	4	89	121	53	\N	202	\N
4558	2025-11-29	1	73	4	10	\N	302	\N
4559	2025-11-29	2	73	4	10	\N	302	\N
4560	2025-11-29	1	4	73	54	\N	3.8ВЦ	\N
4561	2025-11-29	2	4	73	54	\N	3.8ВЦ	\N
4562	2025-11-29	1	17	130	12	\N	222	\N
16651	2025-12-03	4	43	277	4	\N	120	\N
21335	2025-12-04	4	8	6	6	\N	311	\N
16652	2025-12-03	1	20	13	6	\N	108	\N
16653	2025-12-03	2	8	43	6	\N	311	\N
16654	2025-12-03	3	14	3	6	\N	202	\N
16655	2025-12-03	4	13	12	6	\N	3.4ВЦ / 3.4ВЦ	\N
16656	2025-12-03	1	7	16	7	\N	3.15ВЦ	\N
16657	2025-12-03	2	7	5	7	\N	3.15ВЦ	\N
16673	2025-12-03	2	23	96	14	\N	106	\N
16674	2025-12-03	1	32	280	15	\N	312	\N
16675	2025-12-03	2	32	280	15	\N	312	\N
16676	2025-12-03	3	26	24	15	\N	321	\N
30000	2025-12-06	1	73	4	9	\N	302	\N
58223	2025-12-15	2	235	278	8	\N	206	\N
42046	2025-12-10	4	199	239	137	\N	118	\N
58225	2025-12-15	1	93	4	9	\N	103	\N
58226	2025-12-15	2	6	2	9	\N	305	\N
58227	2025-12-15	3	6	2	9	\N	305	\N
58228	2025-12-15	2	93	4	10	\N	103	\N
58229	2025-12-15	3	14	3	10	\N	202	\N
58230	2025-12-15	4	12	11	10	\N	3.9ВЦ	\N
4575	2025-11-29	1	52	56	33	\N	230	\N
4576	2025-11-29	2	52	56	33	\N	230	\N
4577	2025-11-29	1	62	112	44	\N	Корпус 4	\N
4578	2025-11-29	2	62	132	44	\N	Корпус 4	\N
4579	2025-11-29	3	62	132	44	\N	Корпус 4	\N
4580	2025-11-29	4	62	72	44	\N	Корпус 4	\N
11794	2025-12-02	4	28	93	12	\N	220	\N
11795	2025-12-02	5	23	20	13	\N	null	\N
11796	2025-12-02	6	23	128	13	\N	null	\N
11797	2025-12-02	7	23	88	13	\N	null	\N
11798	2025-12-02	3	9	7	14	\N	117	\N
11799	2025-12-02	4	93	22	14	\N	103	\N
11800	2025-12-02	5	63	237	14	\N	217	\N
11801	2025-12-02	6	63	237	14	\N	217	\N
11802	2025-12-02	1	26	24	15	\N	321	\N
11803	2025-12-02	2	26	24	15	\N	321	\N
11804	2025-12-02	3	26	24	15	\N	321	\N
11805	2025-12-02	1	28	26	16	\N	220	\N
11806	2025-12-02	2	28	26	16	\N	220	\N
11807	2025-12-02	3	28	256	16	\N	220	\N
11808	2025-12-02	2	8	257	137	\N	311	\N
11809	2025-12-02	3	31	28	137	\N	010	\N
11810	2025-12-02	4	66	79	137	\N	208	\N
11811	2025-12-02	5	66	79	137	\N	208	\N
11812	2025-12-02	6	66	258	137	\N	208	\N
11813	2025-12-02	4	27	35	17	\N	306	\N
11814	2025-12-02	5	27	35	17	\N	306	\N
11815	2025-12-02	1	45	248	19	\N	303	\N
11816	2025-12-02	2	93	64	19	\N	103	\N
11817	2025-12-02	3	32	32	19	\N	312	\N
11818	2025-12-02	4	32	32	19	\N	312	\N
11819	2025-12-02	5	45	259	19	\N	303	\N
12209	2025-12-02	1	210	3	20	\N	202	\N
11820	2025-12-02	2	42	4	20	\N	104	\N
11821	2025-12-02	3	7	16	20	\N	3.15ВЦ	\N
11822	2025-12-02	4	7	5	20	\N	3.15ВЦ	\N
11824	2025-12-02	1	62	260	21	\N	Корпус 4	\N
11825	2025-12-02	2	62	260	21	\N	Корпус 4	\N
11826	2025-12-02	3	62	240	21	\N	Корпус 4	\N
11827	2025-12-02	4	62	240	21	\N	Корпус 4	\N
11828	2025-12-02	3	4	246	22	\N	3.8ВЦ	\N
11829	2025-12-02	4	41	117	22	\N	310	\N
11830	2025-12-02	5	43	101	22	\N	120	\N
11831	2025-12-02	2	39	261	23	\N	215	\N
11832	2025-12-02	3	39	261	23	\N	215	\N
11833	2025-12-02	4	39	261	23	\N	215	\N
11834	2025-12-02	5	11	262	23	\N	312	\N
11835	2025-12-02	2	21	15	24	\N	1 корпус	\N
11836	2025-12-02	3	41	4	24	\N	310	\N
4563	2025-11-29	2	17	130	12	\N	222	\N
4564	2025-11-29	1	93	4	40	\N	104	\N
4565	2025-11-29	2	93	4	40	\N	104	\N
4566	2025-11-29	4	38	51	40	\N	null	\N
4567	2025-11-29	5	38	51	40	\N	null	\N
4568	2025-11-29	1	23	20	13	\N	106	\N
996	2025-11-27	3	45	46	27	\N	303	\N
997	2025-11-27	4	45	46	27	\N	303	\N
4569	2025-11-29	2	11	10	13	\N	311	\N
4570	2025-11-29	3	93	131	13	\N	104	\N
4571	2025-11-29	1	79	2	58	\N	  32ац	\N
4572	2025-11-29	2	79	36	58	\N	  32ац	\N
4573	2025-11-29	3	27	35	58	\N	null	\N
4574	2025-11-29	4	27	35	58	\N	null	\N
11837	2025-12-02	4	15	13	24	\N	308	\N
11838	2025-12-02	5	6	2	24	\N	305	\N
11839	2025-12-02	1	79	2	25	\N	  32ац	\N
21355	2025-12-04	6	23	20	13	\N	null	\N
34308	2025-12-08	1	199	239	137	\N	118	\N
30029	2025-12-06	4	43	307	22	\N	120	\N
30030	2025-12-06	3	17	117	49	\N	222	\N
30031	2025-12-06	4	17	117	49	\N	222	\N
30032	2025-12-06	1	89	121	53	\N	108	\N
21356	2025-12-04	7	11	10	13	\N	null	\N
21357	2025-12-04	2	23	96	14	\N	106	\N
21358	2025-12-04	3	23	23	14	\N	106	\N
21359	2025-12-04	4	23	23	14	\N	106	\N
21360	2025-12-04	5	24	21	14	\N	3.14ВЦ	\N
21361	2025-12-04	2	26	291	15	\N	321	\N
21362	2025-12-04	3	33	292	15	\N	324	\N
21363	2025-12-04	4	32	293	15	\N	312	\N
21364	2025-12-04	2	6	2	17	\N	305	\N
21365	2025-12-04	3	29	27	17	\N	читальный зал	\N
21366	2025-12-04	4	7	5	17	\N	3.15ВЦ	\N
21367	2025-12-04	5	6	2	17	\N	305	\N
21368	2025-12-04	3	31	28	18	\N	010	\N
21369	2025-12-04	4	31	28	18	\N	010	\N
30033	2025-12-06	2	89	121	53	\N	108	\N
30047	2025-12-06	1	17	264	33	\N	222	\N
21492	2025-12-04	1	42	78	50	\N	104	\N
21493	2025-12-04	2	42	78	50	\N	104	\N
30048	2025-12-06	2	17	283	33	\N	222	\N
26366	2025-12-05	1	70	12	2	\N	3.7ВЦ / 3.21ВЦ	\N
26367	2025-12-05	2	5	3	2	\N	201	\N
26368	2025-12-05	3	5	4	2	\N	201	\N
21508	2025-12-04	3	52	272	54	\N	015	\N
21509	2025-12-04	4	82	21	54	\N	3.4ВЦ	\N
21512	2025-12-04	3	61	86	55	\N	307	\N
58231	2025-12-15	1	27	7	11	\N	306	\N
58232	2025-12-15	2	59	236	11	\N	115	\N
58249	2025-12-15	1	12	11	17	\N	3.9ВЦ	\N
58250	2025-12-15	2	27	35	17	\N	306	\N
58251	2025-12-15	3	27	35	17	\N	306	\N
58252	2025-12-15	1	31	354	18	\N	010	\N
58253	2025-12-15	2	31	354	18	\N	010	\N
46375	2025-12-11	4	33	310	15	\N	324	\N
46376	2025-12-11	5	33	310	15	\N	324	\N
46377	2025-12-11	6	33	310	15	\N	324	\N
46378	2025-12-11	1	28	311	16	\N	220	\N
46379	2025-12-11	2	28	311	16	\N	220	\N
46380	2025-12-11	3	28	311	16	\N	220	\N
46381	2025-12-11	4	28	311	16	\N	220	\N
11840	2025-12-02	2	15	13	25	\N	308	\N
11841	2025-12-02	3	205	242	25	\N	1 корпус	\N
11842	2025-12-02	2	67	263	26	\N	224	\N
11843	2025-12-02	3	53	38	26	\N	1 корпус	\N
11844	2025-12-02	4	53	38	26	\N	1 корпус	\N
11845	2025-12-02	4	61	104	27	\N	307	\N
11846	2025-12-02	5	61	104	27	\N	307	\N
1162	2025-11-28	2	31	28	18	\N	010	\N
1163	2025-11-28	3	31	28	18	\N	010	\N
1164	2025-11-28	4	31	28	18	\N	010	\N
1165	2025-11-28	1	42	4	20	\N	104	\N
1166	2025-11-28	2	6	2	20	\N	305	\N
1167	2025-11-28	3	6	2	20	\N	305	\N
1168	2025-11-28	4	42	4	20	\N	104	\N
1169	2025-11-28	1	62	100	21	\N	Корпус 4	\N
1170	2025-11-28	2	62	100	21	\N	Корпус 4	\N
1171	2025-11-28	1	78	15	22	\N	1 корпус	\N
1172	2025-11-28	2	43	101	22	\N	120	\N
1173	2025-11-28	1	39	42	23	\N	215	\N
1174	2025-11-28	2	39	102	23	\N	215	\N
1175	2025-11-28	4	64	5	24	\N	3.5ВЦ	\N
1176	2025-11-28	5	41	4	24	\N	310	\N
1177	2025-11-28	1	79	2	25	\N	32ац	\N
1178	2025-11-28	2	9	103	25	\N	117	\N
1179	2025-11-28	3	43	44	25	\N	120	\N
1180	2025-11-28	4	9	103	25	\N	117	\N
1181	2025-11-28	1	53	38	26	\N	1 корпус	\N
1182	2025-11-28	2	53	38	26	\N	1 корпус	\N
1183	2025-11-28	1	61	104	27	\N	307	\N
1184	2025-11-28	2	61	104	27	\N	307	\N
1185	2025-11-28	3	45	47	27	\N	null	\N
1186	2025-11-28	4	45	47	27	\N	null	\N
1187	2025-11-28	1	3	16	28	\N	3.2ВЦ	\N
1188	2025-11-28	2	4	2	28	\N	3.8ВЦ	\N
1189	2025-11-28	3	80	89	28	\N	328 / 122	\N
1190	2025-11-28	1	81	60	29	\N	224	\N
1191	2025-11-28	2	81	60	29	\N	224	\N
1192	2025-11-28	3	17	105	29	\N	301	\N
1193	2025-11-28	4	17	105	29	\N	301	\N
1194	2025-11-28	3	10	106	30	\N	304	\N
1195	2025-11-28	4	24	53	30	\N	3.14ВЦ	\N
1196	2025-11-28	5	24	53	30	\N	3.14ВЦ	\N
1197	2025-11-28	1	6	2	31	\N	305	\N
1198	2025-11-28	2	14	3	31	\N	202	\N
1199	2025-11-28	3	20	13	31	\N	108	\N
1200	2025-11-28	1	4	2	32	\N	3.8ВЦ	\N
1290	2025-11-28	1	91	124	56	\N	УП мастерские	\N
1291	2025-11-28	2	91	124	56	\N	УП мастерские	\N
30001	2025-12-06	2	73	4	9	\N	302	\N
30002	2025-12-06	1	79	2	39	\N	  32ац	\N
30003	2025-12-06	2	79	2	39	\N	  32ац	\N
30004	2025-12-06	3	215	301	39	\N	122	\N
30005	2025-12-06	1	14	3	10	\N	202	\N
30027	2025-12-06	2	43	306	22	\N	120	\N
30028	2025-12-06	3	43	307	22	\N	120	\N
34413	2025-12-08	2	4	2	46	\N	3.8ВЦ	\N
34414	2025-12-08	3	27	35	46	\N	306	\N
21432	2025-12-04	4	53	38	35	\N	1 корпус	\N
21433	2025-12-04	1	54	58	36	\N	002	\N
21434	2025-12-04	2	54	58	36	\N	002	\N
21435	2025-12-04	3	26	59	36	\N	321	\N
21436	2025-12-04	4	26	59	36	\N	321	\N
21437	2025-12-04	1	8	49	37	\N	311	\N
8789	2025-12-01	4	23	19	12	\N	106	\N
21438	2025-12-04	2	8	49	37	\N	311	\N
21439	2025-12-04	3	9	7	37	\N	117	\N
21440	2025-12-04	4	20	13	37	\N	108	\N
21441	2025-12-04	1	55	3	57	\N	124	\N
21442	2025-12-04	2	83	4	57	\N	309	\N
21443	2025-12-04	3	51	15	57	\N	1 корпус	\N
21444	2025-12-04	1	83	4	38	\N	309	\N
21445	2025-12-04	2	12	11	38	\N	3.9ВЦ	\N
21446	2025-12-04	3	56	15	38	\N	1 корпус	\N
21447	2025-12-04	4	64	5	38	\N	3.5ВЦ	\N
21448	2025-12-04	1	13	12	39	\N	3.7ВЦ / 3.4ВЦ	\N
21449	2025-12-04	2	5	3	39	\N	201	\N
21450	2025-12-04	3	12	11	39	\N	3.9ВЦ	\N
21451	2025-12-04	4	29	51	39	\N	226	\N
21452	2025-12-04	1	57	62	40	\N	326	\N
21453	2025-12-04	2	93	4	40	\N	103	\N
21454	2025-12-04	3	15	13	40	\N	118	\N
21455	2025-12-04	4	58	15	40	\N	1 корпус	\N
21456	2025-12-04	4	45	63	41	\N	303	\N
21457	2025-12-04	5	4	73	41	\N	3.8ВЦ	\N
21488	2025-12-04	1	214	297	49	\N	3.14вц/ 213	\N
21489	2025-12-04	2	65	75	49	\N	326 / 213	\N
21490	2025-12-04	3	93	76	49	\N	103	\N
34415	2025-12-08	4	3	16	46	\N	3.2ВЦ	\N
21495	2025-12-04	4	55	3	50	\N	124	\N
21513	2025-12-04	4	27	7	55	\N	308	\N
21514	2025-12-04	1	64	16	58	\N	3.5ВЦ	\N
26369	2025-12-05	4	3	16	2	\N	3.2ВЦ	\N
26370	2025-12-05	1	5	4	3	\N	201	\N
26437	2025-12-05	1	11	262	27	\N	328	\N
26441	2025-12-05	1	4	2	28	\N	3.8ВЦ	\N
26442	2025-12-05	2	3	16	28	\N	3.2ВЦ	\N
26448	2025-12-05	3	57	244	30	\N	326	\N
58254	2025-12-15	3	31	354	18	\N	010	\N
58255	2025-12-15	1	4	73	19	\N	3.8ВЦ	\N
58256	2025-12-15	2	18	14	19	\N	203	\N
34416	2025-12-08	1	63	320	47	\N	217	\N
34417	2025-12-08	2	63	320	47	\N	217	\N
34418	2025-12-08	1	64	16	48	\N	3.5ВЦ	\N
34419	2025-12-08	2	42	4	48	\N	104	\N
58257	2025-12-15	3	60	68	19	\N	203	\N
46382	2025-12-11	1	199	239	137	\N	118	\N
46383	2025-12-11	2	199	239	137	\N	118	\N
46384	2025-12-11	3	199	239	137	\N	118	\N
46385	2025-12-11	2	6	2	17	\N	305	\N
58258	2025-12-15	4	30	15	19	\N	1 корпус	\N
11874	2025-12-02	3	50	35	34	\N	115	\N
11875	2025-12-02	4	3	5	34	\N	3.2ВЦ	\N
11876	2025-12-02	1	15	13	35	\N	308	\N
11877	2025-12-02	2	83	64	35	\N	309	\N
1229	2025-11-28	4	83	4	38	\N	309	\N
1230	2025-11-28	2	64	5	39	\N	3.5ВЦ	\N
1231	2025-11-28	3	61	13	39	\N	307	\N
1232	2025-11-28	3	9	103	40	\N	117	\N
1233	2025-11-28	4	15	13	40	\N	312	\N
1234	2025-11-28	3	78	15	41	\N	1 корпус	\N
1235	2025-11-28	4	4	73	41	\N	3.8ВЦ	\N
1236	2025-11-28	5	46	108	41	\N	314	\N
1237	2025-11-28	1	24	21	1	\N	3.14ВЦ	\N
1238	2025-11-28	2	2	1	1	\N	216	\N
1239	2025-11-28	3	59	109	1	\N	115	\N
1240	2025-11-28	4	2	110	1	\N	216	\N
1241	2025-11-28	2	41	4	42	\N	310	\N
1242	2025-11-28	3	41	4	42	\N	310	\N
1243	2025-11-28	4	72	38	42	\N	1 корпус	\N
1244	2025-11-28	5	47	107	42	\N	124	\N
1245	2025-11-28	1	82	21	43	\N	3.4ВЦ	\N
1246	2025-11-28	2	19	69	43	\N	006	\N
1247	2025-11-28	3	12	111	43	\N	3.9ВЦ	\N
1248	2025-11-28	4	12	111	43	\N	3.9ВЦ	\N
1249	2025-11-28	3	62	112	44	\N	Корпус 4	\N
1250	2025-11-28	4	62	112	44	\N	Корпус 4	\N
1251	2025-11-28	5	62	72	44	\N	Корпус 4	\N
1252	2025-11-28	1	85	69	45	\N	null	\N
1253	2025-11-28	2	85	69	45	\N	null	\N
1254	2025-11-28	3	22	65	45	\N	311	\N
1255	2025-11-28	4	82	53	45	\N	3.4ВЦ	\N
1256	2025-11-28	2	86	27	46	\N	УП мастерские	\N
1257	2025-11-28	3	4	2	46	\N	3.8ВЦ	\N
1258	2025-11-28	4	27	35	46	\N	306	\N
1259	2025-11-28	3	63	74	47	\N	217	\N
1260	2025-11-28	4	63	74	47	\N	217	\N
1261	2025-11-28	3	42	4	48	\N	104	\N
1262	2025-11-28	4	87	113	48	\N	202	\N
1263	2025-11-28	5	64	16	48	\N	3.5ВЦ	\N
11878	2025-12-02	3	10	9	35	\N	304	\N
11879	2025-12-02	2	19	265	36	\N	006	\N
1264	2025-11-28	2	88	115	49	\N	null	\N
1266	2025-11-28	3	16	116	49	\N	3.14ВЦ / 3.21ВЦ	\N
1267	2025-11-28	4	78	15	49	\N	1 корпус	\N
1268	2025-11-28	5	17	117	49	\N	222	\N
1269	2025-11-28	1	47	118	50	\N	124	\N
1270	2025-11-28	2	58	15	50	\N	1 корпус	\N
11880	2025-12-02	3	8	266	36	\N	311	\N
11881	2025-12-02	4	40	38	36	\N	1 корпус	\N
11882	2025-12-02	1	56	15	37	\N	1 корпус	\N
11883	2025-12-02	2	16	31	37	\N	3.14ВЦ / 3.21ВЦ	\N
11884	2025-12-02	3	83	243	37	\N	309	\N
11885	2025-12-02	4	47	50	37	\N	108	\N
11886	2025-12-02	1	64	16	57	\N	3.5ВЦ	\N
1271	2025-11-28	3	47	118	50	\N	124	\N
1272	2025-11-28	3	53	38	51	\N	1 корпус	\N
1273	2025-11-28	4	53	38	51	\N	1 корпус	\N
1274	2025-11-28	1	63	119	52	\N	217	\N
1275	2025-11-28	2	63	120	52	\N	217	\N
1276	2025-11-28	3	38	40	52	\N	204	\N
1277	2025-11-28	5	89	121	53	\N	202	\N
1278	2025-11-28	6	89	121	53	\N	202	\N
1279	2025-11-28	1	43	107	54	\N	120	\N
1280	2025-11-28	2	37	38	54	\N	1 корпус	\N
1281	2025-11-28	3	57	68	54	\N	326	\N
11887	2025-12-02	2	64	5	57	\N	3.5ВЦ	\N
11888	2025-12-02	3	55	3	57	\N	124	\N
11889	2025-12-02	4	35	34	57	\N	226 / 122	\N
11890	2025-12-02	1	83	4	38	\N	309	\N
11891	2025-12-02	2	55	3	38	\N	124	\N
11892	2025-12-02	3	79	36	38	\N	  32ац	\N
11893	2025-12-02	4	84	43	38	\N	328	\N
11894	2025-12-02	1	61	13	39	\N	307	\N
11895	2025-12-02	2	41	4	39	\N	310	\N
11896	2025-12-02	3	35	34	39	\N	226 / 122	\N
11897	2025-12-02	4	64	16	39	\N	3.5ВЦ	\N
11898	2025-12-02	1	207	267	40	\N	317 / 120	\N
11899	2025-12-02	2	9	103	40	\N	117	\N
11900	2025-12-02	3	57	62	40	\N	326	\N
11901	2025-12-02	4	43	268	40	\N	120	\N
11902	2025-12-02	1	46	108	41	\N	314	\N
34304	2025-12-08	6	33	310	15	\N	324	\N
34305	2025-12-08	1	28	311	16	\N	220	\N
55073	2025-12-13	4	93	131	13	\N	103	\N
58259	2025-12-15	1	29	27	20	\N	Читальный зал	\N
46387	2025-12-11	4	7	5	17	\N	3.15ВЦ	\N
21458	2025-12-04	3	24	21	1	\N	3.14ВЦ	\N
21459	2025-12-04	4	2	1	1	\N	216	\N
21479	2025-12-04	4	73	4	46	\N	302	\N
21480	2025-12-04	3	63	74	47	\N	217	\N
21481	2025-12-04	4	63	74	47	\N	217	\N
21482	2025-12-04	5	63	74	47	\N	217	\N
21483	2025-12-04	6	63	74	47	\N	217	\N
21484	2025-12-04	2	64	16	48	\N	3.5ВЦ	\N
21485	2025-12-04	3	64	5	48	\N	3.5ВЦ	\N
21486	2025-12-04	4	50	35	48	\N	115	\N
21487	2025-12-04	5	55	3	48	\N	124	\N
21494	2025-12-04	3	43	290	50	\N	120	\N
46388	2025-12-11	5	6	2	17	\N	305	\N
46479	2025-12-11	2	27	7	59	\N	308	\N
58260	2025-12-15	2	12	11	20	\N	  32ац	\N
21510	2025-12-04	1	61	8	55	\N	307	\N
21511	2025-12-04	2	45	122	55	\N	303	\N
21515	2025-12-04	2	51	15	58	\N	1 корпус	\N
21516	2025-12-04	3	83	4	58	\N	309	\N
58261	2025-12-15	3	51	15	20	\N	1 корпус	\N
58262	2025-12-15	4	41	355	22	\N	310	\N
58263	2025-12-15	1	39	102	23	\N	215	\N
58264	2025-12-15	2	39	102	23	\N	215	\N
58265	2025-12-15	3	59	109	23	\N	115	\N
11903	2025-12-02	2	45	63	41	\N	303	\N
11904	2025-12-02	3	45	63	41	\N	303	\N
11905	2025-12-02	4	13	31	41	\N	3.7ВЦ / 3.4ВЦ	\N
11906	2025-12-02	2	2	66	1	\N	216	\N
11907	2025-12-02	3	2	1	1	\N	216	\N
11908	2025-12-02	4	2	110	1	\N	216	\N
11909	2025-12-02	5	59	109	1	\N	118	\N
11910	2025-12-02	2	6	2	42	\N	305	\N
11911	2025-12-02	3	208	21	42	\N	3.21ВЦ	\N
11912	2025-12-02	4	9	194	42	\N	117	\N
11913	2025-12-02	5	47	107	42	\N	108	\N
11914	2025-12-02	1	67	269	43	\N	224	\N
11948	2025-12-02	5	16	116	52	\N	3.14ВЦ / 3.21ВЦ	\N
11949	2025-12-02	1	68	83	53	\N	Кванториум	\N
11950	2025-12-02	2	68	84	53	\N	Кванториум	\N
11951	2025-12-02	3	68	84	53	\N	Кванториум	\N
11953	2025-12-02	1	52	272	54	\N	015	\N
11954	2025-12-02	2	52	272	54	\N	015	\N
11955	2025-12-02	3	52	272	54	\N	015	\N
11956	2025-12-02	4	52	272	54	\N	015	\N
11957	2025-12-02	1	55	3	58	\N	124	\N
11958	2025-12-02	2	84	43	58	\N	328	\N
11959	2025-12-02	3	64	16	58	\N	3.5ВЦ	\N
11960	2025-12-02	4	83	4	58	\N	309	\N
21385	2025-12-04	1	39	41	23	\N	215	\N
21386	2025-12-04	2	39	42	23	\N	215	\N
21387	2025-12-04	3	39	42	23	\N	215	\N
21388	2025-12-04	4	40	38	23	\N	1 корпус	\N
21389	2025-12-04	4	14	3	24	\N	202	\N
21390	2025-12-04	5	41	4	24	\N	310	\N
21391	2025-12-04	6	41	4	24	\N	310	\N
21392	2025-12-04	1	15	13	25	\N	118	\N
21393	2025-12-04	2	43	44	25	\N	120	\N
21394	2025-12-04	3	42	4	25	\N	104	\N
21395	2025-12-04	4	43	277	25	\N	120	\N
21396	2025-12-04	1	45	46	27	\N	303	\N
21397	2025-12-04	2	11	262	27	\N	308	\N
21398	2025-12-04	3	45	46	27	\N	303	\N
21399	2025-12-04	4	11	262	27	\N	308	\N
21400	2025-12-04	1	5	3	28	\N	201	\N
21401	2025-12-04	2	4	2	28	\N	3.8ВЦ	\N
30034	2025-12-06	3	89	121	53	\N	108	\N
30035	2025-12-06	4	89	121	53	\N	108	\N
30036	2025-12-06	1	4	73	54	\N	3.8ВЦ	\N
30037	2025-12-06	2	4	73	54	\N	3.8ВЦ	\N
30038	2025-12-06	1	45	126	55	\N	303	\N
30039	2025-12-06	2	45	127	55	\N	303	\N
21501	2025-12-04	2	63	120	52	\N	217	\N
8790	2025-12-01	4	93	131	13	\N	null	\N
8803	2025-12-01	4	28	26	16	\N	220	\N
8804	2025-12-01	2	84	6	17	\N	328	\N
8805	2025-12-01	3	84	43	17	\N	328	\N
8806	2025-12-01	4	12	11	17	\N	3.9ВЦ	\N
8807	2025-12-01	5	84	235	17	\N	328	\N
8808	2025-12-01	1	11	238	18	\N	308	\N
8809	2025-12-01	2	199	239	18	\N	118	\N
8810	2025-12-01	3	16	116	18	\N	3.14ВЦ / 3.21ВЦ	\N
8811	2025-12-01	2	45	69	19	\N	303	\N
8820	2025-12-01	3	43	101	22	\N	120	\N
8821	2025-12-01	4	4	73	22	\N	3.8ВЦ	\N
8822	2025-12-01	1	39	102	23	\N	215	\N
8823	2025-12-01	2	39	102	23	\N	215	\N
8824	2025-12-01	3	59	109	23	\N	117	\N
8825	2025-12-01	4	39	102	23	\N	215	\N
8826	2025-12-01	1	14	3	24	\N	202	\N
8833	2025-12-01	1	44	45	26	\N	010	\N
8834	2025-12-01	2	44	45	26	\N	010	\N
8835	2025-12-01	3	44	45	26	\N	010	\N
8836	2025-12-01	4	44	45	26	\N	010	\N
8837	2025-12-01	3	46	48	27	\N	314	\N
8838	2025-12-01	4	61	104	27	\N	307	\N
8844	2025-12-01	4	5	4	28	\N	201	\N
8845	2025-12-01	1	8	49	29	\N	311	\N
8846	2025-12-01	2	9	7	29	\N	117	\N
30040	2025-12-06	1	216	308	30	\N	326	\N
21502	2025-12-04	3	17	39	52	\N	222	\N
16641	2025-12-03	1	4	36	2	\N	3.8ВЦ	\N
16642	2025-12-03	2	4	2	2	\N	3.8ВЦ	\N
16643	2025-12-03	3	50	35	2	\N	115	\N
16644	2025-12-03	4	3	5	2	\N	3.2ВЦ	\N
16645	2025-12-03	2	75	36	3	\N	206	\N
16646	2025-12-03	3	71	53	3	\N	208	\N
16647	2025-12-03	4	5	4	3	\N	201	\N
21503	2025-12-04	4	17	39	52	\N	222	\N
21504	2025-12-04	1	89	129	53	\N	null	\N
21505	2025-12-04	2	89	129	53	\N	null	\N
21506	2025-12-04	1	52	272	54	\N	015	\N
21507	2025-12-04	2	52	272	54	\N	015	\N
21517	2025-12-04	4	12	11	58	\N	3.9ВЦ	\N
65419	2025-12-17	6	11	10	33	\N	null	\N
65420	2025-12-17	1	240	34	34	\N	УП / 122	\N
30043	2025-12-06	1	6	2	31	\N	null	\N
30044	2025-12-06	2	6	2	31	\N	null	\N
30045	2025-12-06	1	76	245	136	\N	230	\N
30046	2025-12-06	2	76	245	136	\N	230	\N
58221	2025-12-15	5	6	2	7	\N	305	\N
46396	2025-12-11	4	27	35	20	\N	306	\N
26443	2025-12-05	3	84	43	28	\N	328	\N
26444	2025-12-05	2	47	268	29	\N	124	\N
26445	2025-12-05	3	81	60	29	\N	308	\N
26446	2025-12-05	4	81	60	29	\N	308	\N
46397	2025-12-11	5	224	339	20	\N	122	\N
46398	2025-12-11	3	17	39	22	\N	222	\N
46399	2025-12-11	4	57	340	22	\N	326	\N
46400	2025-12-11	5	17	39	22	\N	222	\N
46401	2025-12-11	1	39	41	23	\N	215	\N
46402	2025-12-11	2	39	42	23	\N	215	\N
69131	2025-12-18	4	31	354	18	\N	010	\N
69132	2025-12-18	5	31	354	18	\N	010	\N
69133	2025-12-18	6	31	354	18	\N	010	\N
61400	2025-12-16	3	72	38	8	\N	1 корпус	\N
69134	2025-12-18	2	33	282	19	\N	324	\N
11915	2025-12-02	2	61	13	43	\N	307	\N
11916	2025-12-02	3	93	4	43	\N	103	\N
11917	2025-12-02	4	33	270	43	\N	324	\N
11918	2025-12-02	1	27	7	59	\N	308	\N
11919	2025-12-02	2	90	122	59	\N	314	\N
11920	2025-12-02	3	90	122	59	\N	314	\N
11921	2025-12-02	4	45	122	59	\N	303	\N
11922	2025-12-02	1	93	64	45	\N	103	\N
11923	2025-12-02	2	60	68	45	\N	203	\N
11924	2025-12-02	3	60	68	45	\N	203	\N
11926	2025-12-02	2	211	274	46	\N	null	\N
11927	2025-12-02	3	212	275	46	\N	null	\N
12316	2025-12-02	4	210	3	46	\N	202	\N
12317	2025-12-02	5	210	3	46	\N	202	\N
11928	2025-12-02	1	63	74	47	\N	217	\N
11929	2025-12-02	2	63	74	47	\N	217	\N
11930	2025-12-02	2	79	2	48	\N	  32ац	\N
11931	2025-12-02	3	12	11	48	\N	3.9ВЦ	\N
11932	2025-12-02	4	16	12	48	\N	3.14ВЦ / 3.21ВЦ	\N
11933	2025-12-02	5	56	15	48	\N	1 корпус	\N
11934	2025-12-02	3	200	271	49	\N	204 / 204	\N
11935	2025-12-02	4	17	117	49	\N	222	\N
11936	2025-12-02	5	4	73	49	\N	3.8ВЦ	\N
11937	2025-12-02	1	65	75	50	\N	326 / 213	\N
11938	2025-12-02	2	65	75	50	\N	326 / 213	\N
11939	2025-12-02	3	47	118	50	\N	108	\N
11940	2025-12-02	4	55	3	50	\N	124	\N
11941	2025-12-02	1	11	238	51	\N	312	\N
11942	2025-12-02	2	11	238	51	\N	312	\N
11943	2025-12-02	3	67	80	51	\N	224	\N
11944	2025-12-02	4	67	80	51	\N	224	\N
11945	2025-12-02	2	17	39	52	\N	222	\N
11946	2025-12-02	3	63	120	52	\N	217	\N
11947	2025-12-02	4	63	253	52	\N	217	\N
26373	2025-12-05	4	27	35	3	\N	306	\N
26450	2025-12-05	5	57	244	30	\N	326	\N
26451	2025-12-05	6	57	244	30	\N	326	\N
26452	2025-12-05	2	8	43	31	\N	null	\N
11952	2025-12-02	4	89	121	53	\N	null	\N
26453	2025-12-05	3	20	13	31	\N	null	\N
58266	2025-12-15	4	11	262	23	\N	308	\N
58267	2025-12-15	1	14	3	24	\N	202	\N
58268	2025-12-15	2	29	27	24	\N	Читальный зал	\N
8752	2025-12-01	1	5	4	2	\N	201	\N
8753	2025-12-01	2	12	11	2	\N	3.9ВЦ	\N
8754	2025-12-01	3	50	35	2	\N	115	\N
8755	2025-12-01	1	7	5	3	\N	3.15ВЦ	\N
8756	2025-12-01	2	198	34	3	\N	УП мастерские	\N
8757	2025-12-01	3	8	273	3	\N	311	\N
8758	2025-12-01	4	8	6	3	\N	311	\N
8759	2025-12-01	1	4	73	4	\N	3.8ВЦ	\N
8760	2025-12-01	2	43	44	4	\N	120	\N
8761	2025-12-01	3	15	13	4	\N	308	\N
8762	2025-12-01	1	86	27	6	\N	УП мастерские	\N
8763	2025-12-01	2	73	4	6	\N	302	\N
8764	2025-12-01	3	20	13	6	\N	108	\N
8765	2025-12-01	4	6	2	6	\N	305	\N
8766	2025-12-01	2	5	4	7	\N	201	\N
8767	2025-12-01	3	198	34	7	\N	УП мастерские	\N
8768	2025-12-01	4	55	3	7	\N	124	\N
8769	2025-12-01	5	6	2	7	\N	305	\N
8770	2025-12-01	1	17	4	8	\N	222	\N
8771	2025-12-01	2	17	233	8	\N	222	\N
8772	2025-12-01	3	17	95	8	\N	222	\N
8773	2025-12-01	4	17	234	8	\N	222	\N
8774	2025-12-01	1	73	4	9	\N	302	\N
8775	2025-12-01	2	6	2	9	\N	305	\N
8776	2025-12-01	3	6	2	9	\N	305	\N
8777	2025-12-01	1	33	6	10	\N	324	\N
8778	2025-12-01	2	14	3	10	\N	202	\N
8779	2025-12-01	3	73	4	10	\N	302	\N
8780	2025-12-01	4	33	43	10	\N	324	\N
8781	2025-12-01	5	33	235	10	\N	324	\N
8782	2025-12-01	1	59	236	11	\N	115	\N
8783	2025-12-01	2	27	7	11	\N	306	\N
8784	2025-12-01	3	22	92	11	\N	317	\N
8785	2025-12-01	4	22	92	11	\N	317	\N
8786	2025-12-01	1	23	19	12	\N	106	\N
8787	2025-12-01	2	23	19	12	\N	106	\N
8788	2025-12-01	3	23	19	12	\N	106	\N
8847	2025-12-01	3	83	243	29	\N	309	\N
8848	2025-12-01	4	47	50	29	\N	120	\N
21460	2025-12-04	5	59	67	1	\N	208	\N
21461	2025-12-04	6	40	38	1	\N	1 корпус	\N
21462	2025-12-04	2	60	68	42	\N	203	\N
21463	2025-12-04	3	60	68	42	\N	203	\N
21464	2025-12-04	1	19	248	43	\N	006	\N
21465	2025-12-04	2	61	13	43	\N	307	\N
21466	2025-12-04	3	60	68	43	\N	203	\N
21467	2025-12-04	4	19	259	43	\N	006	\N
21468	2025-12-04	1	62	112	44	\N	Корпус 4	\N
21469	2025-12-04	2	62	112	44	\N	Корпус 4	\N
21471	2025-12-04	4	62	71	44	\N	Корпус 4	\N
21472	2025-12-04	1	4	73	45	\N	3.8ВЦ	\N
21473	2025-12-04	2	32	32	45	\N	312	\N
21474	2025-12-04	3	32	32	45	\N	312	\N
21475	2025-12-04	4	33	30	45	\N	324	\N
21476	2025-12-04	1	33	6	46	\N	324	\N
21477	2025-12-04	2	14	3	46	\N	202	\N
21478	2025-12-04	3	4	2	46	\N	3.8ВЦ	\N
58316	2025-12-15	2	83	4	38	\N	309	\N
58317	2025-12-15	1	41	4	39	\N	310	\N
58318	2025-12-15	2	41	4	39	\N	310	\N
46404	2025-12-11	4	40	38	23	\N	1 корпус	\N
46405	2025-12-11	1	41	4	24	\N	310	\N
46406	2025-12-11	2	14	3	24	\N	202	\N
46407	2025-12-11	3	33	43	24	\N	324	\N
46408	2025-12-11	4	35	34	24	\N	226 / 122	\N
46409	2025-12-11	4	67	313	26	\N	224	\N
46505	2025-12-11	2	67	81	51	\N	224	\N
58319	2025-12-15	3	5	3	39	\N	201	\N
8791	2025-12-01	5	23	88	13	\N	null	\N
8792	2025-12-01	6	23	88	13	\N	null	\N
8793	2025-12-01	7	23	128	13	\N	null	\N
8794	2025-12-01	1	93	22	14	\N	103	\N
8795	2025-12-01	2	59	95	14	\N	115	\N
8796	2025-12-01	3	63	237	14	\N	217	\N
8797	2025-12-01	1	26	25	15	\N	321	\N
8798	2025-12-01	2	26	24	15	\N	321	\N
8799	2025-12-01	3	27	7	15	\N	306	\N
8800	2025-12-01	4	27	7	15	\N	306	\N
8801	2025-12-01	2	72	38	16	\N	1 корпус	\N
8802	2025-12-01	3	28	26	16	\N	220	\N
8812	2025-12-01	3	60	68	19	\N	203	\N
8813	2025-12-01	4	30	15	19	\N	1 корпус	\N
8814	2025-12-01	5	4	73	19	\N	3.8ВЦ	\N
8815	2025-12-01	1	35	34	20	\N	226 / 122	\N
8816	2025-12-01	2	7	16	20	\N	3.15ВЦ	\N
8817	2025-12-01	3	51	15	20	\N	1 корпус	\N
8818	2025-12-01	1	43	101	22	\N	120	\N
8819	2025-12-01	2	41	117	22	\N	310	\N
8827	2025-12-01	2	35	34	24	\N	226 / 122	\N
8828	2025-12-01	3	41	4	24	\N	310	\N
8829	2025-12-01	4	34	12	24	\N	3.4ВЦ / 3.21ВЦ	\N
8830	2025-12-01	1	62	240	25	\N	Корпус 4	\N
8831	2025-12-01	2	62	240	25	\N	Корпус 4	\N
8832	2025-12-01	3	62	240	25	\N	Корпус 4	\N
8839	2025-12-01	5	40	38	27	\N	1 корпус	\N
8840	2025-12-01	6	45	241	27	\N	303	\N
8841	2025-12-01	1	53	242	28	\N	1 корпус	\N
8842	2025-12-01	2	12	11	28	\N	3.9ВЦ	\N
8843	2025-12-01	3	71	53	28	\N	208	\N
8849	2025-12-01	1	57	244	30	\N	326	\N
8850	2025-12-01	2	57	244	30	\N	326	\N
8851	2025-12-01	1	42	4	31	\N	104	\N
8852	2025-12-01	2	3	16	31	\N	3.2ВЦ	\N
8853	2025-12-01	3	14	3	31	\N	202	\N
8854	2025-12-01	3	35	34	32	\N	226 / 122	\N
8855	2025-12-01	4	14	3	32	\N	202	\N
8856	2025-12-01	5	14	3	32	\N	202	\N
8857	2025-12-01	1	76	245	136	\N	230	\N
8858	2025-12-01	2	76	245	136	\N	230	\N
8859	2025-12-01	3	76	245	136	\N	230	\N
8860	2025-12-01	5	52	56	33	\N	null	\N
8861	2025-12-01	6	52	55	33	\N	null	\N
8862	2025-12-01	7	52	55	33	\N	null	\N
8863	2025-12-01	4	15	13	35	\N	308	\N
8864	2025-12-01	5	79	73	35	\N	  32ац	\N
8865	2025-12-01	1	54	58	36	\N	002	\N
8866	2025-12-01	2	54	58	36	\N	002	\N
8911	2025-12-01	1	64	16	48	\N	3.5ВЦ	\N
8912	2025-12-01	2	42	4	48	\N	104	\N
8913	2025-12-01	3	55	3	48	\N	124	\N
8914	2025-12-01	1	202	250	49	\N	213	\N
8915	2025-12-01	2	93	76	49	\N	103	\N
8916	2025-12-01	3	93	76	49	\N	103	\N
8917	2025-12-01	4	202	251	49	\N	213	\N
8918	2025-12-01	1	47	118	50	\N	124	\N
8919	2025-12-01	2	13	31	50	\N	3.7ВЦ / 3.4ВЦ	\N
8920	2025-12-01	3	42	78	50	\N	104	\N
8921	2025-12-01	1	67	81	51	\N	224	\N
8922	2025-12-01	2	67	81	51	\N	224	\N
8923	2025-12-01	3	67	81	51	\N	224	\N
8924	2025-12-01	4	203	252	51	\N	009	\N
8925	2025-12-01	4	63	253	52	\N	217	\N
8926	2025-12-01	5	63	119	52	\N	217	\N
8927	2025-12-01	6	63	119	52	\N	217	\N
8928	2025-12-01	2	53	38	53	\N	1 корпус	\N
8929	2025-12-01	3	53	38	53	\N	1 корпус	\N
8930	2025-12-01	4	89	129	53	\N	null	\N
8931	2025-12-01	5	89	129	53	\N	null	\N
8932	2025-12-01	1	45	85	54	\N	303	\N
8933	2025-12-01	2	37	38	54	\N	1 корпус	\N
8934	2025-12-01	3	57	68	54	\N	326	\N
8935	2025-12-01	4	45	126	55	\N	303	\N
58212	2025-12-15	2	43	276	4	\N	120	\N
8936	2025-12-01	5	45	127	55	\N	303	\N
8937	2025-12-01	1	16	12	58	\N	3.14ВЦ / 3.21ВЦ	\N
8938	2025-12-01	2	55	3	58	\N	124	\N
58320	2025-12-15	4	84	6	39	\N	328	\N
21470	2025-12-04	3	62	71	44	\N	Корпус 4	\N
8939	2025-12-01	3	12	11	58	\N	3.9ВЦ	\N
16658	2025-12-03	3	5	4	7	\N	201	\N
16659	2025-12-03	3	200	254	8	\N	204 / 204	\N
16660	2025-12-03	4	17	278	8	\N	222	\N
16661	2025-12-03	5	6	2	8	\N	305	\N
16662	2025-12-03	3	20	13	9	\N	108	\N
16663	2025-12-03	4	14	3	9	\N	202	\N
16664	2025-12-03	1	12	36	10	\N	3.9ВЦ	\N
16665	2025-12-03	2	204	12	10	\N	208 / 208	\N
16666	2025-12-03	2	17	279	11	\N	222	\N
16667	2025-12-03	3	17	91	11	\N	222	\N
16668	2025-12-03	4	40	38	11	\N	1 корпус	\N
16669	2025-12-03	5	12	111	11	\N	3.9ВЦ	\N
16670	2025-12-03	4	76	94	12	\N	230	\N
16671	2025-12-03	5	76	94	12	\N	230	\N
16672	2025-12-03	1	23	96	14	\N	106	\N
58321	2025-12-15	1	233	34	40	\N	204 / 317	\N
58322	2025-12-15	2	15	13	40	\N	3.15ВЦ	\N
58323	2025-12-15	1	46	108	41	\N	314	\N
21496	2025-12-04	1	67	81	51	\N	224	\N
21497	2025-12-04	2	67	81	51	\N	224	\N
21498	2025-12-04	3	67	80	51	\N	224	\N
21499	2025-12-04	4	67	80	51	\N	224	\N
21500	2025-12-04	1	63	253	52	\N	217	\N
26427	2025-12-05	1	39	42	23	\N	215	\N
58324	2025-12-15	2	46	108	41	\N	314	\N
26428	2025-12-05	2	39	102	23	\N	215	\N
26429	2025-12-05	3	33	43	24	\N	null	\N
26430	2025-12-05	4	64	5	24	\N	3.5ВЦ	\N
26431	2025-12-05	5	64	5	24	\N	3.5ВЦ	\N
26435	2025-12-05	5	43	276	25	\N	120	\N
26436	2025-12-05	6	43	276	25	\N	120	\N
8867	2025-12-01	3	26	59	36	\N	321	\N
8868	2025-12-01	4	26	59	36	\N	321	\N
8869	2025-12-01	2	20	13	37	\N	108	\N
8870	2025-12-01	3	10	9	37	\N	304	\N
8871	2025-12-01	4	10	9	37	\N	304	\N
8872	2025-12-01	1	83	4	57	\N	309	\N
8873	2025-12-01	2	16	12	57	\N	3.14ВЦ / 3.21ВЦ	\N
8874	2025-12-01	3	12	11	57	\N	3.9ВЦ	\N
8875	2025-12-01	2	83	4	38	\N	309	\N
8876	2025-12-01	3	64	5	38	\N	3.5ВЦ	\N
8877	2025-12-01	1	41	4	39	\N	310	\N
8878	2025-12-01	2	64	5	39	\N	3.5ВЦ	\N
8879	2025-12-01	3	5	3	39	\N	201	\N
8880	2025-12-01	4	84	43	39	\N	328	\N
8881	2025-12-01	1	200	34	40	\N	317 / 317	\N
8882	2025-12-01	2	15	13	40	\N	308	\N
8883	2025-12-01	3	4	246	40	\N	3.8ВЦ	\N
8884	2025-12-01	1	46	108	41	\N	314	\N
8885	2025-12-01	2	46	108	41	\N	314	\N
8886	2025-12-01	3	45	63	41	\N	303	\N
8887	2025-12-01	4	46	108	41	\N	314	\N
8888	2025-12-01	1	2	1	1	\N	216	\N
8889	2025-12-01	2	2	1	1	\N	216	\N
8890	2025-12-01	3	2	110	1	\N	216	\N
8891	2025-12-01	4	2	110	1	\N	216	\N
8892	2025-12-01	1	9	194	42	\N	117	\N
8893	2025-12-01	2	48	123	42	\N	317	\N
8894	2025-12-01	3	47	107	42	\N	002	\N
8895	2025-12-01	4	60	68	42	\N	203	\N
11793	2025-12-02	3	23	19	12	\N	106	\N
11847	2025-12-02	1	35	34	28	\N	226 / 122	\N
11848	2025-12-02	2	50	35	28	\N	115	\N
11849	2025-12-02	3	5	3	28	\N	201	\N
11850	2025-12-02	4	4	36	28	\N	3.8ВЦ	\N
11851	2025-12-02	1	16	31	29	\N	3.14ВЦ / 3.21ВЦ	\N
11852	2025-12-02	2	56	15	29	\N	null	\N
11853	2025-12-02	3	61	13	29	\N	307	\N
11854	2025-12-02	4	79	73	29	\N	  32ац	\N
11855	2025-12-02	4	57	244	30	\N	326	\N
11856	2025-12-02	5	57	244	30	\N	326	\N
11857	2025-12-02	6	57	244	30	\N	326	\N
11858	2025-12-02	1	206	99	31	\N	 УП/ 3.4ВЦ	\N
11859	2025-12-02	2	12	11	31	\N	3.9ВЦ	\N
11860	2025-12-02	3	42	4	31	\N	104	\N
11861	2025-12-02	4	6	2	31	\N	305	\N
11862	2025-12-02	1	42	4	32	\N	104	\N
11863	2025-12-02	2	4	2	32	\N	3.8ВЦ	\N
11864	2025-12-02	3	14	3	32	\N	202	\N
11865	2025-12-02	4	12	11	32	\N	3.9ВЦ	\N
11866	2025-12-02	1	76	245	136	\N	230	\N
11867	2025-12-02	2	76	245	136	\N	230	\N
11868	2025-12-02	3	76	245	136	\N	230	\N
11869	2025-12-02	4	76	245	136	\N	230	\N
11870	2025-12-02	5	52	55	33	\N	null	\N
11871	2025-12-02	6	17	264	33	\N	null	\N
11872	2025-12-02	1	41	4	34	\N	310	\N
11873	2025-12-02	2	3	16	34	\N	3.2ВЦ	\N
8896	2025-12-01	1	6	2	43	\N	305	\N
8897	2025-12-01	2	201	247	43	\N	006 / 324	\N
8898	2025-12-01	3	19	248	43	\N	006	\N
8899	2025-12-01	4	62	70	44	\N	Корпус 4	\N
8900	2025-12-01	5	62	70	44	\N	Корпус 4	\N
8901	2025-12-01	6	62	70	44	\N	Корпус 4	\N
8902	2025-12-01	2	8	249	45	\N	311	\N
8903	2025-12-01	3	32	32	45	\N	312	\N
8904	2025-12-01	4	32	32	45	\N	312	\N
8905	2025-12-01	1	3	16	46	\N	3.2ВЦ	\N
8906	2025-12-01	2	4	2	46	\N	3.8ВЦ	\N
8907	2025-12-01	3	33	43	46	\N	324	\N
8908	2025-12-01	4	12	11	46	\N	3.9ВЦ	\N
8909	2025-12-01	1	63	74	47	\N	217	\N
8910	2025-12-01	2	63	74	47	\N	217	\N
16677	2025-12-03	4	33	97	15	\N	324	\N
16678	2025-12-03	1	72	38	16	\N	1 корпус	\N
16752	2025-12-03	4	26	59	36	\N	321	\N
16753	2025-12-03	1	17	105	37	\N	222	\N
16754	2025-12-03	2	83	243	37	\N	309	\N
16755	2025-12-03	3	10	9	37	\N	304	\N
16756	2025-12-03	4	20	13	37	\N	108	\N
16757	2025-12-03	2	55	3	57	\N	124	\N
16758	2025-12-03	3	79	2	57	\N	  32ац	\N
16759	2025-12-03	4	83	4	57	\N	309	\N
16760	2025-12-03	5	64	16	57	\N	3.5ВЦ	\N
16761	2025-12-03	1	35	34	38	\N	226 / 122	\N
16762	2025-12-03	2	64	16	38	\N	3.5ВЦ	\N
16763	2025-12-03	3	55	3	38	\N	124	\N
16764	2025-12-03	4	27	35	38	\N	306	\N
16765	2025-12-03	2	41	4	39	\N	310	\N
29989	2025-12-06	1	92	125	4	\N	120	\N
29990	2025-12-06	2	92	125	4	\N	120	\N
29991	2025-12-06	2	215	301	34	\N	122	\N
29992	2025-12-06	3	41	4	34	\N	310	\N
29993	2025-12-06	4	41	4	34	\N	310	\N
29994	2025-12-06	1	8	235	6	\N	311	\N
26449	2025-12-05	4	57	244	30	\N	326	\N
58325	2025-12-15	3	45	249	41	\N	303	\N
58326	2025-12-15	4	46	108	41	\N	314	\N
58327	2025-12-15	1	2	66	1	\N	216	\N
58328	2025-12-15	2	2	66	1	\N	216	\N
58329	2025-12-15	1	9	194	42	\N	117	\N
58330	2025-12-15	2	48	123	42	\N	317	\N
58331	2025-12-15	3	47	107	42	\N	208	\N
46419	2025-12-11	4	3	5	28	\N	3.2ВЦ	\N
46420	2025-12-11	4	54	58	139	\N	002	\N
46421	2025-12-11	5	54	58	139	\N	002	\N
46422	2025-12-11	1	56	15	29	\N	1 корпус	\N
46423	2025-12-11	2	79	73	29	\N	  32ац	\N
46424	2025-12-11	3	10	9	29	\N	304	\N
46425	2025-12-11	4	10	9	29	\N	304	\N
69135	2025-12-18	3	34	31	19	\N	3.4ВЦ / 3.21ВЦ	\N
69136	2025-12-18	4	4	73	19	\N	3.8ВЦ	\N
16679	2025-12-03	2	72	38	16	\N	1 корпус	\N
16680	2025-12-03	1	6	2	17	\N	305	\N
16681	2025-12-03	2	14	3	17	\N	202	\N
16682	2025-12-03	3	27	35	17	\N	306	\N
16683	2025-12-03	2	199	239	18	\N	118	\N
16684	2025-12-03	3	199	239	18	\N	118	\N
16685	2025-12-03	4	199	239	18	\N	118	\N
16686	2025-12-03	5	30	15	18	\N	1 корпус	\N
16687	2025-12-03	2	33	281	19	\N	324	\N
16696	2025-12-03	3	62	260	21	\N	Корпус 4	\N
16697	2025-12-03	1	65	75	22	\N	326 / 213	\N
16698	2025-12-03	2	65	75	22	\N	326 / 213	\N
16699	2025-12-03	3	78	15	22	\N	1 корпус	\N
16700	2025-12-03	4	41	117	22	\N	310	\N
16701	2025-12-03	2	39	261	23	\N	215	\N
16702	2025-12-03	3	39	41	23	\N	215	\N
16703	2025-12-03	4	39	41	23	\N	215	\N
16704	2025-12-03	5	208	21	23	\N	3.21ВЦ	\N
16705	2025-12-03	1	41	4	24	\N	310	\N
30013	2025-12-06	2	41	4	42	\N	310	\N
30014	2025-12-06	1	32	32	43	\N	312	\N
30015	2025-12-06	2	32	32	43	\N	312	\N
30016	2025-12-06	3	73	4	17	\N	302	\N
30017	2025-12-06	4	73	4	17	\N	302	\N
30018	2025-12-06	3	32	32	19	\N	312	\N
30019	2025-12-06	4	32	32	19	\N	312	\N
30020	2025-12-06	1	63	74	47	\N	217	\N
16706	2025-12-03	2	6	2	24	\N	305	\N
16707	2025-12-03	3	6	2	24	\N	305	\N
16708	2025-12-03	4	6	2	24	\N	305	\N
16709	2025-12-03	1	48	27	25	\N	204	\N
16710	2025-12-03	2	15	13	25	\N	328	\N
16711	2025-12-03	1	44	45	26	\N	302	\N
16712	2025-12-03	2	44	45	26	\N	302	\N
16713	2025-12-03	3	8	257	26	\N	311	\N
16714	2025-12-03	3	45	241	27	\N	303	\N
16715	2025-12-03	4	46	48	27	\N	314	\N
16716	2025-12-03	5	46	48	27	\N	314	\N
16717	2025-12-03	6	45	46	27	\N	303	\N
16718	2025-12-03	1	5	4	28	\N	201	\N
16719	2025-12-03	2	5	3	28	\N	201	\N
16720	2025-12-03	3	3	16	28	\N	3.2ВЦ	\N
16721	2025-12-03	1	17	105	29	\N	222	\N
16722	2025-12-03	2	10	9	29	\N	304	\N
16723	2025-12-03	3	83	243	29	\N	309	\N
16724	2025-12-03	4	61	13	29	\N	307	\N
16725	2025-12-03	5	57	244	30	\N	326	\N
16726	2025-12-03	6	57	244	30	\N	326	\N
16727	2025-12-03	1	42	4	31	\N	104	\N
16740	2025-12-03	7	17	283	33	\N	null	\N
16741	2025-12-03	1	16	12	34	\N	3.14ВЦ / 3.21ВЦ	\N
16742	2025-12-03	2	50	35	34	\N	115	\N
16743	2025-12-03	3	12	11	34	\N	3.9ВЦ	\N
16744	2025-12-03	4	86	51	34	\N	УП мастерские	\N
16745	2025-12-03	1	83	64	35	\N	309	\N
16746	2025-12-03	2	16	31	35	\N	3.14ВЦ / 3.21ВЦ	\N
16747	2025-12-03	3	16	31	35	\N	3.14ВЦ / 3.21ВЦ	\N
16748	2025-12-03	4	15	13	35	\N	328	\N
30021	2025-12-06	2	63	74	47	\N	217	\N
30022	2025-12-06	3	63	74	47	\N	217	\N
16749	2025-12-03	1	8	284	36	\N	311	\N
16750	2025-12-03	2	26	59	36	\N	321	\N
16751	2025-12-03	3	19	265	36	\N	006	\N
30023	2025-12-06	4	63	74	47	\N	217	\N
30024	2025-12-06	1	36	305	21	\N	208	\N
30025	2025-12-06	2	36	37	21	\N	208	\N
30026	2025-12-06	1	43	306	22	\N	120	\N
30006	2025-12-06	2	14	3	10	\N	202	\N
30007	2025-12-06	1	93	131	13	\N	103	\N
30008	2025-12-06	2	93	131	13	\N	103	\N
30009	2025-12-06	3	23	20	13	\N	106	\N
30010	2025-12-06	1	23	23	14	\N	106	\N
30011	2025-12-06	2	23	23	14	\N	106	\N
30012	2025-12-06	1	41	4	42	\N	310	\N
34393	2025-12-08	2	46	108	41	\N	314	\N
34394	2025-12-08	3	45	63	41	\N	303	\N
34395	2025-12-08	4	46	108	41	\N	314	\N
34396	2025-12-08	1	2	66	1	\N	216	\N
34397	2025-12-08	2	2	66	1	\N	216	\N
34398	2025-12-08	3	11	262	1	\N	117	\N
34399	2025-12-08	1	9	194	42	\N	117	\N
34400	2025-12-08	2	47	107	42	\N	308	\N
34427	2025-12-08	2	67	81	51	\N	224	\N
69137	2025-12-18	1	20	235	20	\N	108	\N
69138	2025-12-18	2	27	35	20	\N	306	\N
69139	2025-12-18	3	42	4	20	\N	104	\N
69140	2025-12-18	4	20	43	20	\N	108	\N
46428	2025-12-11	5	12	11	31	\N	3.9ВЦ	\N
46429	2025-12-11	1	20	43	32	\N	108	\N
46430	2025-12-11	2	50	35	32	\N	115	\N
46431	2025-12-11	3	14	3	32	\N	202	\N
46432	2025-12-11	4	15	13	32	\N	308	\N
46433	2025-12-11	4	76	245	136	\N	230	\N
46434	2025-12-11	5	76	245	136	\N	230	\N
46435	2025-12-11	6	76	245	136	\N	230	\N
46436	2025-12-11	4	52	55	33	\N	null	\N
46437	2025-12-11	5	52	56	33	\N	null	\N
69141	2025-12-18	5	20	6	20	\N	108	\N
69142	2025-12-18	5	43	306	22	\N	120	\N
69144	2025-12-18	1	39	41	23	\N	215	\N
55059	2025-12-13	2	47	118	50	\N	124	\N
55060	2025-12-13	1	67	313	26	\N	224	\N
55061	2025-12-13	2	67	313	26	\N	224	\N
55062	2025-12-13	3	67	313	26	\N	224	\N
55063	2025-12-13	4	67	313	26	\N	224	\N
55064	2025-12-13	1	5	4	28	\N	201	\N
69145	2025-12-18	2	242	38	23	\N	1 корпус	\N
69146	2025-12-18	3	39	42	23	\N	215	\N
69147	2025-12-18	4	39	42	23	\N	215	\N
69148	2025-12-18	3	29	27	24	\N	Читальный зал	\N
69149	2025-12-18	4	41	4	24	\N	310	\N
34306	2025-12-08	2	28	311	16	\N	220	\N
34307	2025-12-08	3	28	311	16	\N	220	\N
34309	2025-12-08	2	199	239	137	\N	118	\N
34310	2025-12-08	3	84	43	17	\N	328	\N
26371	2025-12-05	2	71	53	3	\N	208	\N
26372	2025-12-05	3	3	16	3	\N	3.2ВЦ	\N
26407	2025-12-05	2	63	237	14	\N	217	\N
26408	2025-12-05	3	40	38	14	\N	1 корпус	\N
26409	2025-12-05	1	27	7	15	\N	306	\N
26410	2025-12-05	2	27	7	15	\N	306	\N
26411	2025-12-05	1	31	299	137	\N	010	\N
26412	2025-12-05	2	31	28	137	\N	010	\N
26413	2025-12-05	3	199	239	137	\N	118	\N
26414	2025-12-05	4	31	239	137	\N	010	\N
26415	2025-12-05	5	11	300	137	\N	328	\N
26416	2025-12-05	1	73	4	17	\N	302	\N
26417	2025-12-05	2	14	3	17	\N	202	\N
26418	2025-12-05	3	29	27	17	\N	читальный зал	\N
26419	2025-12-05	4	34	12	17	\N	3.4ВЦ / 3.21ВЦ	\N
26420	2025-12-05	3	32	32	19	\N	null	\N
26421	2025-12-05	1	42	4	20	\N	104	\N
26422	2025-12-05	2	42	4	20	\N	104	\N
26423	2025-12-05	3	14	3	20	\N	202	\N
26424	2025-12-05	4	6	2	20	\N	305	\N
26425	2025-12-05	1	41	117	22	\N	310	\N
21324	2025-12-04	4	5	4	2	\N	201	\N
21325	2025-12-04	2	7	5	3	\N	3.15ВЦ	\N
21326	2025-12-04	3	75	36	3	\N	206	\N
21327	2025-12-04	4	6	2	3	\N	305	\N
21328	2025-12-04	1	9	7	4	\N	117	\N
21329	2025-12-04	2	9	8	4	\N	117	\N
21330	2025-12-04	3	10	9	4	\N	304	\N
21331	2025-12-04	4	9	194	4	\N	117	\N
21332	2025-12-04	1	73	4	6	\N	302	\N
21333	2025-12-04	2	13	12	6	\N	3.7ВЦ / 3.4ВЦ	\N
21334	2025-12-04	3	8	6	6	\N	311	\N
21337	2025-12-04	2	16	12	7	\N	3.14ВЦ / 3.21ВЦ	\N
21338	2025-12-04	3	198	34	7	\N	УП	\N
21339	2025-12-04	4	198	34	7	\N	УП	\N
21340	2025-12-04	1	17	4	8	\N	222	\N
21341	2025-12-04	2	86	79	8	\N	УП	\N
21342	2025-12-04	1	6	2	9	\N	305	\N
21343	2025-12-04	2	20	13	9	\N	108	\N
21344	2025-12-04	3	73	4	9	\N	302	\N
21345	2025-12-04	1	7	5	10	\N	3.15ВЦ	\N
21346	2025-12-04	2	73	4	10	\N	302	\N
21347	2025-12-04	3	6	2	10	\N	305	\N
21348	2025-12-04	1	75	17	11	\N	206	\N
21349	2025-12-04	2	75	17	11	\N	206	\N
21350	2025-12-04	4	76	94	12	\N	230	\N
21351	2025-12-04	5	76	94	12	\N	230	\N
21352	2025-12-04	6	76	94	12	\N	230	\N
21353	2025-12-04	4	23	20	13	\N	null	\N
21354	2025-12-04	5	24	21	13	\N	null	\N
21370	2025-12-04	5	11	238	18	\N	308	\N
21371	2025-12-04	1	93	64	19	\N	103	\N
21372	2025-12-04	2	33	30	19	\N	324	\N
21373	2025-12-04	3	34	31	19	\N	3.4ВЦ / 3.21ВЦ	\N
21374	2025-12-04	4	93	64	19	\N	103	\N
21375	2025-12-04	1	35	34	20	\N	226 / 122	\N
21376	2025-12-04	2	27	35	20	\N	306	\N
21377	2025-12-04	3	7	16	20	\N	3.15ВЦ	\N
21378	2025-12-04	4	4	36	20	\N	3.8ВЦ	\N
21379	2025-12-04	2	36	37	21	\N	203	\N
21380	2025-12-04	3	36	37	21	\N	203	\N
21381	2025-12-04	4	37	38	21	\N	1 корпус	\N
21382	2025-12-04	5	37	38	21	\N	1 корпус	\N
21383	2025-12-04	1	16	31	22	\N	3.14ВЦ / 3.21ВЦ	\N
21384	2025-12-04	2	17	39	22	\N	222	\N
21402	2025-12-04	3	3	5	28	\N	3.2ВЦ	\N
21403	2025-12-04	4	18	61	28	\N	203	\N
21404	2025-12-04	4	83	243	29	\N	309	\N
21405	2025-12-04	5	56	15	29	\N	1 корпус	\N
21406	2025-12-04	3	57	244	30	\N	326	\N
21407	2025-12-04	4	57	244	30	\N	326	\N
21408	2025-12-04	5	57	244	30	\N	326	\N
21409	2025-12-04	6	57	244	30	\N	326	\N
21410	2025-12-04	3	20	13	31	\N	108	\N
26426	2025-12-05	2	65	75	22	\N	326 / 213	\N
26432	2025-12-05	1	43	277	25	\N	120	\N
26433	2025-12-05	2	43	277	25	\N	120	\N
26434	2025-12-05	4	43	276	25	\N	120	\N
26438	2025-12-05	2	11	262	27	\N	328	\N
26439	2025-12-05	3	61	104	27	\N	null	\N
26440	2025-12-05	4	61	104	27	\N	null	\N
34311	2025-12-08	4	73	4	17	\N	302	\N
34312	2025-12-08	5	73	4	17	\N	302	\N
34313	2025-12-08	1	4	73	19	\N	3.8ВЦ	\N
34314	2025-12-08	2	45	69	19	\N	303	\N
34315	2025-12-08	3	60	68	19	\N	203	\N
34316	2025-12-08	4	30	15	19	\N	1 корпус	\N
34317	2025-12-08	1	12	11	20	\N	3.9ВЦ	\N
34318	2025-12-08	2	20	43	20	\N	108	\N
34319	2025-12-08	3	20	43	20	\N	108	\N
65445	2025-12-17	3	38	27	40	\N	204	\N
46447	2025-12-11	4	26	59	36	\N	321	\N
46448	2025-12-11	5	26	59	36	\N	321	\N
46449	2025-12-11	1	31	316	138	\N	010	\N
46450	2025-12-11	2	17	303	138	\N	222	\N
37622	2025-12-09	2	222	103	40	\N	117	\N
37623	2025-12-09	3	57	62	40	\N	326	\N
37624	2025-12-09	4	43	107	40	\N	120	\N
37626	2025-12-09	4	45	328	41	\N	303	\N
65446	2025-12-17	4	43	107	40	\N	120	\N
65447	2025-12-17	1	45	285	41	\N	303	\N
69171	2025-12-18	4	8	235	31	\N	311	\N
69172	2025-12-18	3	14	3	32	\N	202	\N
69173	2025-12-18	4	15	13	32	\N	207	\N
69174	2025-12-18	5	15	13	32	\N	207	\N
69175	2025-12-18	4	52	55	33	\N	null	\N
69176	2025-12-18	5	11	10	33	\N	null	\N
16766	2025-12-03	3	61	13	39	\N	307	\N
16767	2025-12-03	4	79	2	39	\N	  32ац	\N
16768	2025-12-03	5	79	2	39	\N	  32ац	\N
16769	2025-12-03	1	43	107	40	\N	120	\N
16770	2025-12-03	2	93	4	40	\N	103	\N
16771	2025-12-03	3	93	4	40	\N	103	\N
16778	2025-12-03	2	2	66	1	\N	216	\N
16779	2025-12-03	3	213	287	1	\N	220	\N
16780	2025-12-03	4	213	287	1	\N	220	\N
16781	2025-12-03	5	213	287	1	\N	220	\N
16782	2025-12-03	1	47	107	42	\N	117	\N
16783	2025-12-03	2	12	111	42	\N	3.9ВЦ	\N
16784	2025-12-03	3	41	4	42	\N	310	\N
16785	2025-12-03	1	33	280	43	\N	324	\N
16786	2025-12-03	2	60	68	43	\N	203	\N
16787	2025-12-03	3	32	32	43	\N	312	\N
16808	2025-12-03	4	4	73	49	\N	3.8ВЦ	\N
16809	2025-12-03	2	47	118	50	\N	117	\N
16810	2025-12-03	3	43	290	50	\N	120	\N
16811	2025-12-03	4	65	75	50	\N	326 / 213	\N
16812	2025-12-03	5	4	73	50	\N	3.8ВЦ	\N
16813	2025-12-03	1	82	21	51	\N	3.4ВЦ	\N
16814	2025-12-03	2	11	238	51	\N	307	\N
16815	2025-12-03	3	8	257	51	\N	311	\N
16816	2025-12-03	4	16	31	52	\N	3.14ВЦ / 3.21ВЦ	\N
16817	2025-12-03	5	63	253	52	\N	217	\N
16818	2025-12-03	6	63	253	52	\N	217	\N
16819	2025-12-03	4	89	129	53	\N	Корпус 4	\N
16820	2025-12-03	5	89	129	53	\N	Корпус 4	\N
16821	2025-12-03	6	89	129	53	\N	Корпус 4	\N
16822	2025-12-03	7	89	129	53	\N	Корпус 4	\N
16823	2025-12-03	4	37	38	54	\N	1 корпус	\N
16824	2025-12-03	5	43	107	54	\N	120	\N
16825	2025-12-03	5	61	49	55	\N	307	\N
16826	2025-12-03	6	61	86	55	\N	307	\N
16827	2025-12-03	1	64	16	58	\N	3.5ВЦ	\N
16828	2025-12-03	2	27	35	58	\N	306	\N
16829	2025-12-03	3	35	34	58	\N	226 / 122	\N
16830	2025-12-03	4	55	3	58	\N	124	\N
51816	2025-12-12	3	41	4	42	\N	310	\N
51817	2025-12-12	4	9	194	42	\N	117	\N
26404	2025-12-05	6	11	10	13	\N	null	\N
26405	2025-12-05	7	23	20	13	\N	null	\N
26406	2025-12-05	1	63	237	14	\N	217	\N
58273	2025-12-15	5	67	313	26	\N	224	\N
58274	2025-12-15	6	67	313	26	\N	224	\N
58275	2025-12-15	1	40	38	27	\N	1 корпус	\N
58276	2025-12-15	2	45	241	27	\N	303	\N
58277	2025-12-15	3	46	48	27	\N	314	\N
69177	2025-12-18	1	3	343	34	\N	3.2ВЦ	\N
42052	2025-12-10	4	60	68	19	\N	203	\N
46456	2025-12-11	2	51	15	57	\N	1 корпус	\N
46457	2025-12-11	3	35	34	57	\N	226 / 122	\N
46458	2025-12-11	1	55	3	38	\N	124	\N
46459	2025-12-11	2	12	11	38	\N	3.9ВЦ	\N
26454	2025-12-05	1	3	5	32	\N	3.2ВЦ	\N
26455	2025-12-05	2	15	13	32	\N	3.9вц	\N
26456	2025-12-05	3	42	4	32	\N	104	\N
26457	2025-12-05	3	76	245	136	\N	230	\N
26458	2025-12-05	4	76	245	136	\N	230	\N
26459	2025-12-05	5	76	245	136	\N	230	\N
26460	2025-12-05	2	52	55	33	\N	null	\N
26461	2025-12-05	3	52	56	33	\N	null	\N
26462	2025-12-05	4	40	38	33	\N	null	\N
26463	2025-12-05	5	52	55	33	\N	null	\N
26464	2025-12-05	1	33	43	34	\N	null	\N
26465	2025-12-05	2	86	51	34	\N	УП	\N
26466	2025-12-05	3	41	4	34	\N	310	\N
26467	2025-12-05	4	41	4	34	\N	310	\N
26468	2025-12-05	5	215	301	34	\N	122	\N
26469	2025-12-05	2	53	38	35	\N	1 корпус	\N
26470	2025-12-05	3	53	38	35	\N	1 корпус	\N
26471	2025-12-05	4	47	50	35	\N	124	\N
26472	2025-12-05	5	47	50	35	\N	124	\N
26473	2025-12-05	1	54	58	36	\N	002	\N
26474	2025-12-05	2	54	58	36	\N	002	\N
26475	2025-12-05	3	82	53	36	\N	3.4ВЦ	\N
26476	2025-12-05	1	24	21	138	\N	3.14ВЦ	\N
26477	2025-12-05	2	199	302	138	\N	118	\N
26478	2025-12-05	3	17	303	138	\N	222	\N
26479	2025-12-05	4	199	302	138	\N	118	\N
26480	2025-12-05	2	79	73	37	\N	  32ац	\N
26481	2025-12-05	3	49	60	37	\N	307	\N
26482	2025-12-05	4	49	60	37	\N	307	\N
46460	2025-12-11	3	49	61	38	\N	015	\N
46461	2025-12-11	4	49	61	38	\N	015	\N
46462	2025-12-11	1	13	12	39	\N	3.7ВЦ / 3.4ВЦ	\N
46463	2025-12-11	2	5	3	39	\N	201	\N
46464	2025-12-11	3	79	2	39	\N	  32ац	\N
46465	2025-12-11	4	12	11	39	\N	3.9ВЦ	\N
46466	2025-12-11	1	202	342	40	\N	213	\N
46467	2025-12-11	1	45	249	41	\N	303	\N
46468	2025-12-11	2	41	64	41	\N	310	\N
46469	2025-12-11	2	2	1	1	\N	216	\N
46470	2025-12-11	3	24	21	1	\N	3.14ВЦ	\N
46471	2025-12-11	4	59	67	1	\N	208	\N
69178	2025-12-18	4	27	7	35	\N	306	\N
42149	2025-12-10	4	12	111	43	\N	3.9ВЦ	\N
42152	2025-12-10	1	61	49	59	\N	307	\N
69221	2025-12-18	2	248	53	45	\N	3.7ВЦ	\N
69222	2025-12-18	3	93	64	45	\N	103	\N
55058	2025-12-13	1	47	118	50	\N	124	\N
55066	2025-12-13	1	4	73	54	\N	308	\N
55067	2025-12-13	2	4	73	54	\N	308	\N
55068	2025-12-13	1	76	324	12	\N	230	\N
55069	2025-12-13	2	76	324	12	\N	230	\N
55070	2025-12-13	3	76	324	12	\N	230	\N
55071	2025-12-13	1	43	107	40	\N	120	\N
55072	2025-12-13	2	43	107	40	\N	120	\N
34327	2025-12-08	3	59	109	23	\N	115	\N
34324	2025-12-08	4	65	75	22	\N	326 / 213	\N
34325	2025-12-08	1	39	102	23	\N	215	\N
55050	2025-12-13	1	79	2	48	\N	  32ац	\N
55051	2025-12-13	2	79	2	48	\N	  32ац	\N
55052	2025-12-13	3	43	307	22	\N	120	\N
55053	2025-12-13	4	43	101	22	\N	120	\N
55054	2025-12-13	5	43	306	22	\N	120	\N
58368	2025-12-15	5	45	127	55	\N	303	\N
16688	2025-12-03	3	60	68	19	\N	203	\N
16689	2025-12-03	4	32	32	19	\N	312	\N
16690	2025-12-03	5	33	282	19	\N	324	\N
16691	2025-12-03	1	14	3	20	\N	202	\N
16692	2025-12-03	2	20	43	20	\N	108	\N
16693	2025-12-03	3	7	16	20	\N	3.15ВЦ	\N
16694	2025-12-03	1	62	260	21	\N	Корпус 4	\N
16695	2025-12-03	2	62	260	21	\N	Корпус 4	\N
16728	2025-12-03	2	3	5	31	\N	3.2ВЦ	\N
16729	2025-12-03	3	86	27	31	\N	УП мастерские	\N
16730	2025-12-03	4	42	4	31	\N	104	\N
16731	2025-12-03	1	3	16	32	\N	3.2ВЦ	\N
16732	2025-12-03	2	42	4	32	\N	104	\N
16733	2025-12-03	3	4	2	32	\N	3.8ВЦ	\N
16734	2025-12-03	4	35	34	32	\N	226 / 122	\N
16735	2025-12-03	1	76	245	136	\N	230	\N
16736	2025-12-03	2	76	245	136	\N	230	\N
16737	2025-12-03	3	76	245	136	\N	230	\N
16738	2025-12-03	5	11	10	33	\N	null	\N
16739	2025-12-03	6	17	283	33	\N	null	\N
16772	2025-12-03	4	204	31	40	\N	208 / 208	\N
16773	2025-12-03	1	45	285	41	\N	303	\N
16774	2025-12-03	2	45	285	41	\N	303	\N
16775	2025-12-03	3	46	108	41	\N	314	\N
16776	2025-12-03	4	45	286	41	\N	303	\N
16777	2025-12-03	5	45	286	41	\N	303	\N
16788	2025-12-03	4	12	111	43	\N	3.9ВЦ	\N
16789	2025-12-03	1	59	288	44	\N	224	\N
16790	2025-12-03	2	37	38	44	\N	1 корпус	\N
16791	2025-12-03	2	40	38	45	\N	1 корпус	\N
16792	2025-12-03	3	33	30	45	\N	324	\N
16793	2025-12-03	4	93	64	45	\N	103	\N
16794	2025-12-03	5	82	21	45	\N	3.4ВЦ	\N
16795	2025-12-03	1	27	35	46	\N	306	\N
16796	2025-12-03	2	13	12	46	\N	3.7ВЦ / 3.4ВЦ	\N
16797	2025-12-03	3	13	12	46	\N	3.7ВЦ / 3.4ВЦ	\N
16798	2025-12-03	1	63	74	47	\N	217	\N
16799	2025-12-03	2	63	74	47	\N	217	\N
16800	2025-12-03	3	63	74	47	\N	217	\N
16801	2025-12-03	4	63	74	47	\N	217	\N
16802	2025-12-03	1	55	3	48	\N	124	\N
16803	2025-12-03	2	35	34	48	\N	226 / 122	\N
16804	2025-12-03	3	42	4	48	\N	104	\N
16805	2025-12-03	1	93	76	49	\N	103	\N
16806	2025-12-03	2	200	289	49	\N	204 / 204	\N
16807	2025-12-03	3	65	75	49	\N	326 / 213	\N
34326	2025-12-08	2	39	102	23	\N	215	\N
26374	2025-12-05	1	72	38	4	\N	1 корпус	\N
26375	2025-12-05	2	10	9	4	\N	304	\N
26376	2025-12-05	3	10	9	4	\N	304	\N
26377	2025-12-05	1	20	13	6	\N	null	\N
26378	2025-12-05	2	6	2	6	\N	305	\N
26379	2025-12-05	3	6	2	6	\N	305	\N
26380	2025-12-05	4	20	43	7	\N	null	\N
26381	2025-12-05	5	20	43	7	\N	null	\N
26382	2025-12-05	1	86	79	8	\N	УП	\N
26383	2025-12-05	2	75	90	8	\N	206	\N
26384	2025-12-05	3	72	38	8	\N	УП	\N
26385	2025-12-05	4	75	298	8	\N	206	\N
26386	2025-12-05	1	7	16	9	\N	3.15ВЦ	\N
26387	2025-12-05	2	7	5	9	\N	3.15ВЦ	\N
26388	2025-12-05	3	73	4	9	\N	302	\N
26389	2025-12-05	4	20	13	9	\N	null	\N
26390	2025-12-05	1	6	2	10	\N	305	\N
26391	2025-12-05	2	73	4	10	\N	302	\N
26392	2025-12-05	3	7	16	10	\N	3.15ВЦ	\N
26393	2025-12-05	4	7	16	10	\N	3.15ВЦ	\N
26394	2025-12-05	1	59	236	11	\N	115	\N
26395	2025-12-05	2	59	236	11	\N	115	\N
26396	2025-12-05	3	75	255	11	\N	206	\N
26397	2025-12-05	4	17	91	11	\N	222	\N
26398	2025-12-05	1	76	94	12	\N	230	\N
26399	2025-12-05	2	76	94	12	\N	230	\N
26400	2025-12-05	3	63	120	12	\N	217	\N
26401	2025-12-05	4	63	120	12	\N	217	\N
26402	2025-12-05	4	53	38	13	\N	null	\N
26403	2025-12-05	5	23	20	13	\N	null	\N
46480	2025-12-11	3	61	86	59	\N	307	\N
46481	2025-12-11	4	61	8	59	\N	307	\N
46482	2025-12-11	5	61	8	59	\N	307	\N
46483	2025-12-11	1	33	30	45	\N	324	\N
46484	2025-12-11	2	32	14	45	\N	312	\N
46485	2025-12-11	3	32	14	45	\N	312	\N
46486	2025-12-11	4	4	73	45	\N	3.8ВЦ	\N
46487	2025-12-11	3	4	2	46	\N	3.8ВЦ	\N
46488	2025-12-11	4	226	4	46	\N	302	\N
46489	2025-12-11	5	14	3	46	\N	202	\N
46490	2025-12-11	1	63	320	47	\N	217	\N
46491	2025-12-11	2	63	320	47	\N	217	\N
46492	2025-12-11	3	63	320	47	\N	217	\N
46493	2025-12-11	4	63	320	47	\N	217	\N
42092	2025-12-10	5	12	11	31	\N	3.9ВЦ	\N
42093	2025-12-10	1	3	16	32	\N	3.2ВЦ	\N
42094	2025-12-10	2	42	4	32	\N	104	\N
58369	2025-12-15	1	84	6	58	\N	328	\N
58370	2025-12-15	2	55	3	58	\N	124	\N
65471	2025-12-17	4	4	2	46	\N	3.8ВЦ	\N
34355	2025-12-08	4	20	43	32	\N	108	\N
34356	2025-12-08	1	76	245	136	\N	230	\N
34357	2025-12-08	2	76	245	136	\N	230	\N
34358	2025-12-08	3	76	245	136	\N	230	\N
34359	2025-12-08	4	52	56	33	\N	null	\N
65477	2025-12-17	2	55	3	48	\N	124	\N
46497	2025-12-11	3	93	76	49	\N	103	\N
46498	2025-12-11	4	16	31	49	\N	3.14ВЦ / 3.21ВЦ	\N
46499	2025-12-11	5	202	344	49	\N	213	\N
46500	2025-12-11	2	43	345	50	\N	120	\N
42095	2025-12-10	3	35	34	32	\N	226 / 122	\N
42096	2025-12-10	4	4	2	32	\N	3.8ВЦ	\N
42097	2025-12-10	1	76	245	136	\N	230	\N
42098	2025-12-10	2	76	245	136	\N	230	\N
34360	2025-12-08	5	52	55	33	\N	null	\N
34389	2025-12-08	1	93	4	40	\N	103	\N
34390	2025-12-08	2	15	13	40	\N	3.15вц	\N
34391	2025-12-08	3	58	15	40	\N	1 корпус	\N
34392	2025-12-08	1	45	318	41	\N	303	\N
34401	2025-12-08	3	47	107	42	\N	308	\N
34402	2025-12-08	4	60	68	42	\N	203	\N
26494	2025-12-05	3	15	13	40	\N	3.9вц	\N
26495	2025-12-05	4	15	13	40	\N	3.9вц	\N
26496	2025-12-05	1	46	108	41	\N	null	\N
26497	2025-12-05	3	78	15	41	\N	1 корпус	\N
26498	2025-12-05	4	4	73	41	\N	3.8ВЦ	\N
26499	2025-12-05	5	4	73	41	\N	3.8ВЦ	\N
26500	2025-12-05	1	93	304	1	\N	103	\N
26501	2025-12-05	2	93	304	1	\N	103	\N
26502	2025-12-05	1	9	194	42	\N	117	\N
26503	2025-12-05	2	41	4	42	\N	310	\N
26504	2025-12-05	3	47	107	42	\N	124	\N
26505	2025-12-05	4	72	38	42	\N	1 корпус	\N
26506	2025-12-05	2	82	21	43	\N	3.4ВЦ	\N
26507	2025-12-05	3	60	68	43	\N	203	\N
26508	2025-12-05	4	61	13	43	\N	null	\N
26509	2025-12-05	1	62	72	44	\N	Корпус 4	\N
26510	2025-12-05	2	62	112	44	\N	Корпус 4	\N
26511	2025-12-05	3	62	112	44	\N	Корпус 4	\N
26512	2025-12-05	4	62	112	44	\N	Корпус 4	\N
26513	2025-12-05	1	45	127	59	\N	null	\N
26514	2025-12-05	2	45	122	59	\N	null	\N
26515	2025-12-05	4	24	21	59	\N	3.14ВЦ	\N
26516	2025-12-05	5	24	21	59	\N	3.14ВЦ	\N
26517	2025-12-05	1	85	69	45	\N	null	\N
26518	2025-12-05	2	85	69	45	\N	null	\N
26519	2025-12-05	3	93	64	45	\N	103	\N
26520	2025-12-05	4	93	64	45	\N	103	\N
26521	2025-12-05	2	4	2	46	\N	3.8ВЦ	\N
26522	2025-12-05	3	27	35	46	\N	306	\N
26523	2025-12-05	4	73	4	46	\N	302	\N
26524	2025-12-05	5	73	4	46	\N	302	\N
26525	2025-12-05	5	63	74	47	\N	217	\N
26526	2025-12-05	6	63	74	47	\N	217	\N
26527	2025-12-05	1	84	43	48	\N	null	\N
26528	2025-12-05	2	35	34	48	\N	226 / 122	\N
34403	2025-12-08	1	6	2	43	\N	305	\N
34404	2025-12-08	2	219	319	43	\N	324 / 006	\N
34405	2025-12-08	3	201	247	43	\N	006 / 324	\N
34406	2025-12-08	5	208	53	44	\N	3.21ВЦ	\N
34407	2025-12-08	6	208	53	44	\N	3.21ВЦ	\N
34408	2025-12-08	4	45	126	59	\N	303	\N
34409	2025-12-08	5	45	127	59	\N	303	\N
34410	2025-12-08	2	32	32	45	\N	312	\N
42099	2025-12-10	3	76	245	136	\N	230	\N
26483	2025-12-05	5	49	60	37	\N	307	\N
26484	2025-12-05	1	83	4	57	\N	309	\N
26485	2025-12-05	2	64	16	57	\N	3.5ВЦ	\N
26486	2025-12-05	3	8	61	57	\N	null	\N
26487	2025-12-05	4	84	43	57	\N	null	\N
26488	2025-12-05	1	64	16	38	\N	3.5ВЦ	\N
26489	2025-12-05	2	16	12	38	\N	3.14ВЦ / 3.21ВЦ	\N
26490	2025-12-05	3	64	16	38	\N	3.5ВЦ	\N
26491	2025-12-05	4	83	4	38	\N	309	\N
26492	2025-12-05	1	57	62	40	\N	326	\N
26493	2025-12-05	2	9	103	40	\N	117	\N
42100	2025-12-10	5	24	21	33	\N	null	\N
42101	2025-12-10	6	11	10	33	\N	null	\N
42102	2025-12-10	7	17	283	33	\N	null	\N
55055	2025-12-13	1	200	289	49	\N	317 / 317	\N
34411	2025-12-08	3	32	32	45	\N	312	\N
34412	2025-12-08	4	93	64	45	\N	103	\N
34420	2025-12-08	3	55	3	48	\N	124	\N
34421	2025-12-08	2	93	76	49	\N	103	\N
34422	2025-12-08	3	93	76	49	\N	103	\N
34423	2025-12-08	1	47	118	50	\N	308	\N
34354	2025-12-08	3	35	34	32	\N	226 / 122	\N
37481	2025-12-09	1	84	43	2	\N	328	\N
37491	2025-12-09	4	10	323	4	\N	304	\N
37530	2025-12-09	3	28	311	16	\N	220	\N
37531	2025-12-09	4	28	311	16	\N	220	\N
37532	2025-12-09	1	199	239	137	\N	118	\N
37533	2025-12-09	2	199	239	137	\N	118	\N
37534	2025-12-09	3	30	15	137	\N	null	\N
37535	2025-12-09	2	7	16	17	\N	3.15ВЦ	\N
37536	2025-12-09	3	73	4	17	\N	302	\N
37537	2025-12-09	4	27	35	17	\N	306	\N
37538	2025-12-09	5	34	12	17	\N	3.4ВЦ / 3.21ВЦ	\N
37555	2025-12-09	2	41	4	24	\N	310	\N
37562	2025-12-09	1	67	313	26	\N	224	\N
37563	2025-12-09	2	67	313	26	\N	224	\N
37570	2025-12-09	1	223	331	139	\N	002	\N
37575	2025-12-09	1	13	12	31	\N	3.7ВЦ / 3.4ВЦ	\N
37577	2025-12-09	3	42	4	31	\N	104	\N
37578	2025-12-09	4	6	2	31	\N	305	\N
37579	2025-12-09	1	42	4	32	\N	104	\N
37580	2025-12-09	2	15	13	32	\N	304	\N
37581	2025-12-09	3	14	3	32	\N	202	\N
26529	2025-12-05	3	79	2	48	\N	  32ац	\N
26530	2025-12-05	3	4	246	49	\N	3.8ВЦ	\N
26531	2025-12-05	4	78	15	49	\N	1 корпус	\N
26532	2025-12-05	5	17	117	49	\N	222	\N
26533	2025-12-05	1	47	118	50	\N	124	\N
26534	2025-12-05	2	72	38	50	\N	1 корпус	\N
26535	2025-12-05	3	43	290	50	\N	120	\N
26536	2025-12-05	1	67	81	51	\N	224	\N
26537	2025-12-05	2	67	81	51	\N	224	\N
34320	2025-12-08	1	57	312	21	\N	326	\N
26538	2025-12-05	1	17	39	52	\N	222	\N
26539	2025-12-05	2	17	39	52	\N	222	\N
26540	2025-12-05	3	16	31	52	\N	3.14ВЦ / 3.21ВЦ	\N
26541	2025-12-05	4	89	121	53	\N	Корпус 4	\N
26542	2025-12-05	5	89	121	53	\N	Корпус 4	\N
26543	2025-12-05	6	89	121	53	\N	Корпус 4	\N
26544	2025-12-05	7	89	121	53	\N	Корпус 4	\N
26545	2025-12-05	1	82	53	54	\N	3.4ВЦ	\N
26546	2025-12-05	2	37	38	54	\N	1 корпус	\N
26547	2025-12-05	1	79	2	58	\N	  32ац	\N
26548	2025-12-05	2	83	4	58	\N	309	\N
26549	2025-12-05	3	83	4	58	\N	309	\N
26550	2025-12-05	4	35	34	58	\N	226 / 122	\N
34321	2025-12-08	2	57	312	21	\N	326	\N
34322	2025-12-08	2	43	101	22	\N	120	\N
34323	2025-12-08	3	65	75	22	\N	326 / 213	\N
34328	2025-12-08	1	14	3	24	\N	202	\N
34329	2025-12-08	2	35	34	24	\N	226 / 122	\N
34330	2025-12-08	3	41	4	24	\N	310	\N
34331	2025-12-08	4	34	12	24	\N	3.4ВЦ / 3.21ВЦ	\N
34332	2025-12-08	3	43	276	25	\N	120	\N
34333	2025-12-08	4	42	4	25	\N	104	\N
34369	2025-12-08	3	26	59	36	\N	321	\N
34370	2025-12-08	4	26	59	36	\N	321	\N
34371	2025-12-08	1	31	316	138	\N	010	\N
34372	2025-12-08	2	31	316	138	\N	010	\N
34373	2025-12-08	3	199	317	138	\N	118	\N
34374	2025-12-08	4	199	302	138	\N	118	\N
34375	2025-12-08	3	10	9	37	\N	304	\N
34376	2025-12-08	4	10	9	37	\N	304	\N
34377	2025-12-08	5	8	49	37	\N	311	\N
34378	2025-12-08	1	83	4	57	\N	309	\N
34379	2025-12-08	2	84	43	57	\N	328	\N
34380	2025-12-08	3	12	11	57	\N	3.9ВЦ	\N
34381	2025-12-08	1	84	235	38	\N	328	\N
34382	2025-12-08	2	83	4	38	\N	309	\N
34383	2025-12-08	3	56	15	38	\N	1 корпус	\N
34384	2025-12-08	4	84	6	38	\N	328	\N
34385	2025-12-08	1	41	4	39	\N	310	\N
34386	2025-12-08	2	41	4	39	\N	310	\N
34387	2025-12-08	3	5	3	39	\N	201	\N
34388	2025-12-08	4	79	2	39	\N	  32ац	\N
34424	2025-12-08	2	13	321	50	\N	3.7ВЦ / 3.4ВЦ	\N
34425	2025-12-08	3	42	78	50	\N	104	\N
34426	2025-12-08	1	67	81	51	\N	224	\N
34428	2025-12-08	3	67	80	51	\N	224	\N
34429	2025-12-08	2	23	322	52	\N	106	\N
34430	2025-12-08	3	23	322	52	\N	106	\N
34431	2025-12-08	4	63	253	52	\N	217	\N
34432	2025-12-08	5	63	253	52	\N	217	\N
34433	2025-12-08	3	82	53	54	\N	3.4ВЦ	\N
34434	2025-12-08	4	43	107	54	\N	120	\N
34435	2025-12-08	1	16	12	58	\N	3.14ВЦ / 3.21ВЦ	\N
34436	2025-12-08	2	55	3	58	\N	124	\N
34437	2025-12-08	3	12	11	58	\N	3.9ВЦ	\N
55057	2025-12-13	3	200	289	49	\N	317 / 317	\N
55056	2025-12-13	2	200	289	49	\N	317 / 317	\N
42001	2025-12-10	2	4	2	2	\N	3.8ВЦ	\N
42002	2025-12-10	3	50	35	2	\N	115	\N
42003	2025-12-10	4	3	5	2	\N	3.2ВЦ	\N
42004	2025-12-10	5	4	36	2	\N	3.8ВЦ	\N
42005	2025-12-10	2	75	36	3	\N	206	\N
42006	2025-12-10	3	12	11	3	\N	3.9ВЦ	\N
42007	2025-12-10	4	5	4	3	\N	201	\N
42008	2025-12-10	5	5	4	3	\N	201	\N
46509	2025-12-11	2	23	322	52	\N	106	\N
46510	2025-12-11	3	23	322	52	\N	106	\N
46511	2025-12-11	4	17	39	52	\N	222	\N
46512	2025-12-11	1	4	73	54	\N	3.8ВЦ	\N
46513	2025-12-11	2	45	85	54	\N	303	\N
46514	2025-12-11	3	57	68	54	\N	326	\N
46515	2025-12-11	4	82	21	54	\N	3.4ВЦ	\N
46516	2025-12-11	1	64	16	58	\N	3.5ВЦ	\N
46517	2025-12-11	2	64	16	58	\N	3.5ВЦ	\N
46518	2025-12-11	3	51	15	58	\N	1 корпус	\N
46519	2025-12-11	4	79	2	58	\N	  32ац	\N
65425	2025-12-17	3	53	38	35	\N	1 корпус	\N
65426	2025-12-17	4	27	7	35	\N	306	\N
65427	2025-12-17	5	27	7	35	\N	306	\N
65428	2025-12-17	1	8	284	36	\N	311	\N
65429	2025-12-17	2	26	59	36	\N	321	\N
65430	2025-12-17	3	26	59	36	\N	321	\N
65431	2025-12-17	4	26	59	36	\N	321	\N
42103	2025-12-10	2	50	35	34	\N	115	\N
65432	2025-12-17	1	31	327	138	\N	010	\N
37582	2025-12-09	4	4	2	32	\N	3.8ВЦ	\N
37588	2025-12-09	6	24	21	33	\N	null	\N
37595	2025-12-09	2	83	64	35	\N	309	\N
37596	2025-12-09	3	10	9	35	\N	304	\N
37597	2025-12-09	4	47	50	35	\N	108	\N
37598	2025-12-09	5	47	50	35	\N	108	\N
37599	2025-12-09	3	19	265	36	\N	006	\N
42154	2025-12-10	1	32	334	45	\N	312	\N
69143	2025-12-18	6	43	306	22	\N	120	\N
69156	2025-12-18	3	45	46	27	\N	303	\N
42010	2025-12-10	2	20	13	6	\N	108	\N
42011	2025-12-10	3	8	43	6	\N	311	\N
42013	2025-12-10	5	73	4	6	\N	302	\N
42014	2025-12-10	1	7	5	7	\N	3.15ВЦ	\N
34259	2025-12-08	1	5	4	2	\N	201	\N
34260	2025-12-08	2	12	11	2	\N	3.9ВЦ	\N
34261	2025-12-08	3	4	2	2	\N	3.8вц	\N
34262	2025-12-08	1	217	147	3	\N	306	\N
34263	2025-12-08	2	198	34	3	\N	УП	\N
34264	2025-12-08	3	8	43	3	\N	311	\N
34265	2025-12-08	4	8	273	3	\N	311	\N
34266	2025-12-08	1	43	44	4	\N	120	\N
34267	2025-12-08	2	10	9	4	\N	304	\N
34268	2025-12-08	3	15	13	4	\N	3.15вц	\N
34269	2025-12-08	4	4	246	4	\N	3.8ВЦ	\N
34270	2025-12-08	1	86	27	6	\N	УП	\N
34271	2025-12-08	2	8	43	6	\N	311	\N
34272	2025-12-08	3	73	4	6	\N	302	\N
34273	2025-12-08	4	6	2	6	\N	305	\N
34274	2025-12-08	2	5	4	7	\N	201	\N
34275	2025-12-08	3	198	34	7	\N	УП	\N
34276	2025-12-08	4	55	3	7	\N	124	\N
34277	2025-12-08	5	6	2	7	\N	305	\N
34278	2025-12-08	1	17	4	8	\N	222	\N
34279	2025-12-08	2	17	233	8	\N	222	\N
34280	2025-12-08	3	17	95	8	\N	222	\N
34281	2025-12-08	4	17	234	8	\N	222	\N
34282	2025-12-08	1	73	4	9	\N	302	\N
34283	2025-12-08	2	6	2	9	\N	305	\N
34284	2025-12-08	3	6	2	9	\N	305	\N
34285	2025-12-08	1	33	43	10	\N	324	\N
34286	2025-12-08	2	73	4	10	\N	302	\N
34287	2025-12-08	3	14	3	10	\N	202	\N
42015	2025-12-10	2	7	5	7	\N	3.15ВЦ	\N
42145	2025-12-10	4	72	38	42	\N	1 корпус	\N
37539	2025-12-09	1	33	281	19	\N	324	\N
37540	2025-12-09	2	93	64	19	\N	103	\N
37541	2025-12-09	3	32	32	19	\N	312	\N
37542	2025-12-09	4	18	14	19	\N	006	\N
37543	2025-12-09	1	14	3	20	\N	202	\N
37544	2025-12-09	2	42	4	20	\N	104	\N
37545	2025-12-09	3	7	16	20	\N	3.15ВЦ	\N
37546	2025-12-09	4	7	5	20	\N	3.15ВЦ	\N
37547	2025-12-09	1	62	240	21	\N	Корпус 4	\N
37548	2025-12-09	2	62	260	21	\N	Корпус 4	\N
37549	2025-12-09	1	220	325	22	\N	120 / 213	\N
37550	2025-12-09	2	17	39	22	\N	222	\N
37551	2025-12-09	2	39	102	23	\N	215	\N
37552	2025-12-09	3	39	261	23	\N	215	\N
37553	2025-12-09	4	39	261	23	\N	215	\N
37554	2025-12-09	5	11	262	23	\N	308	\N
37608	2025-12-09	3	8	49	37	\N	311	\N
37609	2025-12-09	4	83	243	37	\N	309	\N
37610	2025-12-09	1	64	16	57	\N	3.5ВЦ	\N
37611	2025-12-09	2	64	5	57	\N	3.5ВЦ	\N
37612	2025-12-09	3	55	3	57	\N	124	\N
37613	2025-12-09	4	35	34	57	\N	226 / 122	\N
37614	2025-12-09	1	79	36	38	\N	  32ац	\N
37615	2025-12-09	2	55	3	38	\N	124	\N
37616	2025-12-09	3	83	4	38	\N	309	\N
37617	2025-12-09	4	84	43	38	\N	328	\N
34288	2025-12-08	1	59	236	11	\N	115	\N
34289	2025-12-08	2	27	7	11	\N	306	\N
34290	2025-12-08	3	75	17	11	\N	206	\N
34291	2025-12-08	4	75	17	11	\N	206	\N
34292	2025-12-08	4	76	309	12	\N	230	\N
34293	2025-12-08	5	76	309	12	\N	230	\N
34294	2025-12-08	6	76	309	12	\N	230	\N
34295	2025-12-08	4	23	88	13	\N	null	\N
34296	2025-12-08	5	23	88	13	\N	null	\N
34297	2025-12-08	6	23	128	13	\N	null	\N
34298	2025-12-08	7	93	131	13	\N	null	\N
34299	2025-12-08	1	23	96	14	\N	106	\N
34300	2025-12-08	2	59	95	14	\N	115	\N
34301	2025-12-08	3	63	237	14	\N	217	\N
34302	2025-12-08	4	33	310	15	\N	324	\N
34303	2025-12-08	5	33	310	15	\N	324	\N
37618	2025-12-09	1	61	13	39	\N	307	\N
42146	2025-12-10	1	33	280	43	\N	324	\N
42147	2025-12-10	2	60	68	43	\N	203	\N
42148	2025-12-10	3	61	13	43	\N	307	\N
42153	2025-12-10	2	61	86	59	\N	307	\N
65344	2025-12-17	2	20	13	6	\N	108	\N
65345	2025-12-17	3	14	3	6	\N	202	\N
65346	2025-12-17	4	73	4	6	\N	302	\N
65373	2025-12-17	2	6	2	17	\N	305	\N
65374	2025-12-17	3	73	4	17	\N	302	\N
65375	2025-12-17	3	31	354	18	\N	010	\N
65376	2025-12-17	4	31	354	18	\N	010	\N
65377	2025-12-17	5	31	354	18	\N	010	\N
65378	2025-12-17	6	31	354	18	\N	010	\N
65383	2025-12-17	1	7	343	20	\N	3.15ВЦ	\N
65384	2025-12-17	2	39	261	23	\N	215	\N
65385	2025-12-17	3	39	41	23	\N	215	\N
65386	2025-12-17	4	39	41	23	\N	215	\N
42057	2025-12-10	4	36	335	21	\N	204	\N
42058	2025-12-10	5	37	38	21	\N	1 корпус	\N
42059	2025-12-10	3	57	333	22	\N	326	\N
42060	2025-12-10	4	65	75	22	\N	326 / 213	\N
42061	2025-12-10	5	17	39	22	\N	222	\N
42062	2025-12-10	6	17	39	22	\N	222	\N
42063	2025-12-10	1	39	261	23	\N	215	\N
42064	2025-12-10	2	39	261	23	\N	215	\N
42065	2025-12-10	3	39	41	23	\N	215	\N
51757	2025-12-12	1	81	60	29	\N	308	\N
51758	2025-12-12	2	81	60	29	\N	308	\N
51772	2025-12-12	1	33	43	34	\N	324	\N
51773	2025-12-12	2	41	4	34	\N	310	\N
51774	2025-12-12	3	63	54	34	\N	217	\N
34334	2025-12-08	5	43	277	25	\N	120	\N
34335	2025-12-08	4	67	313	26	\N	224	\N
34336	2025-12-08	5	67	313	26	\N	224	\N
34337	2025-12-08	6	67	313	26	\N	224	\N
34338	2025-12-08	3	46	48	27	\N	314	\N
34339	2025-12-08	4	61	104	27	\N	307	\N
34340	2025-12-08	5	40	38	27	\N	1 корпус	\N
34341	2025-12-08	6	45	241	27	\N	303	\N
34342	2025-12-08	1	218	314	28	\N	1 корпус	\N
51775	2025-12-12	4	3	16	34	\N	124	\N
51776	2025-12-12	1	47	50	35	\N	010	\N
51777	2025-12-12	2	10	9	35	\N	304	\N
42066	2025-12-10	4	59	109	23	\N	115	\N
42067	2025-12-10	1	6	2	24	\N	305	\N
42068	2025-12-10	2	41	4	24	\N	310	\N
42069	2025-12-10	3	14	3	24	\N	202	\N
42070	2025-12-10	4	41	4	24	\N	310	\N
42071	2025-12-10	3	43	277	25	\N	120	\N
42072	2025-12-10	4	43	44	25	\N	120	\N
37482	2025-12-09	2	35	34	2	\N	226 / 122	\N
37483	2025-12-09	3	3	16	2	\N	3.2ВЦ	\N
37484	2025-12-09	1	6	2	3	\N	305	\N
37485	2025-12-09	2	14	3	3	\N	202	\N
34343	2025-12-08	2	12	11	28	\N	3.9ВЦ	\N
34344	2025-12-08	3	71	53	28	\N	208	\N
34345	2025-12-08	4	5	4	28	\N	201	\N
34346	2025-12-08	5	53	315	28	\N	1 корпус	\N
34347	2025-12-08	1	8	49	29	\N	311	\N
34348	2025-12-08	2	9	7	29	\N	117	\N
34349	2025-12-08	3	83	243	29	\N	309	\N
34350	2025-12-08	4	47	268	29	\N	308	\N
34351	2025-12-08	1	42	4	31	\N	104	\N
34352	2025-12-08	2	14	3	31	\N	202	\N
34353	2025-12-08	3	3	16	31	\N	3.2ВЦ	\N
34361	2025-12-08	6	52	55	33	\N	null	\N
34362	2025-12-08	1	12	11	34	\N	3.9ВЦ	\N
34363	2025-12-08	2	16	12	34	\N	3.14ВЦ / 3.21ВЦ	\N
34364	2025-12-08	3	16	31	35	\N	3.14ВЦ / 3.21ВЦ	\N
34365	2025-12-08	4	53	38	35	\N	1 корпус	\N
34366	2025-12-08	5	15	13	35	\N	3.15вц	\N
34367	2025-12-08	1	19	265	36	\N	006	\N
34368	2025-12-08	2	26	59	36	\N	321	\N
37486	2025-12-09	3	27	35	3	\N	306	\N
37487	2025-12-09	4	5	4	3	\N	201	\N
37488	2025-12-09	1	9	194	4	\N	117	\N
37489	2025-12-09	2	43	44	4	\N	120	\N
37490	2025-12-09	3	72	38	4	\N	1 корпус	\N
37492	2025-12-09	1	7	5	6	\N	3.15ВЦ	\N
37493	2025-12-09	2	13	12	6	\N	3.7ВЦ / 3.4ВЦ	\N
37494	2025-12-09	3	6	2	6	\N	305	\N
37495	2025-12-09	1	5	4	7	\N	201	\N
37496	2025-12-09	2	5	4	7	\N	201	\N
37497	2025-12-09	3	15	13	7	\N	208	\N
37498	2025-12-09	4	55	3	7	\N	124	\N
37499	2025-12-09	1	17	233	8	\N	222	\N
37500	2025-12-09	2	86	79	8	\N	УП	\N
37501	2025-12-09	3	17	234	8	\N	222	\N
37502	2025-12-09	4	72	38	8	\N	1 корпус	\N
37503	2025-12-09	1	12	11	9	\N	3.9ВЦ	\N
37504	2025-12-09	2	12	11	9	\N	3.9ВЦ	\N
37505	2025-12-09	3	13	12	9	\N	3.7ВЦ / 3.4ВЦ	\N
37506	2025-12-09	4	14	3	9	\N	202	\N
37507	2025-12-09	1	73	4	10	\N	302	\N
37508	2025-12-09	2	27	35	10	\N	306	\N
37509	2025-12-09	3	12	36	10	\N	3.9ВЦ	\N
37510	2025-12-09	4	73	4	10	\N	302	\N
37511	2025-12-09	1	75	17	11	\N	206	\N
37512	2025-12-09	2	75	255	11	\N	206	\N
37513	2025-12-09	3	75	255	11	\N	206	\N
37514	2025-12-09	1	76	324	12	\N	230	\N
37515	2025-12-09	2	76	324	12	\N	230	\N
37516	2025-12-09	3	76	324	12	\N	230	\N
37517	2025-12-09	5	23	20	13	\N	null	\N
42073	2025-12-10	5	43	276	25	\N	120	\N
42074	2025-12-10	3	67	313	26	\N	224	\N
42075	2025-12-10	4	67	313	26	\N	224	\N
51778	2025-12-12	3	10	9	35	\N	актовый зал	\N
51779	2025-12-12	4	47	268	35	\N	010	\N
51780	2025-12-12	5	47	268	35	\N	010	\N
51781	2025-12-12	2	82	53	36	\N	204	\N
51782	2025-12-12	3	54	58	36	\N	002	\N
69193	2025-12-18	1	64	16	38	\N	3.5ВЦ	\N
69194	2025-12-18	2	12	11	38	\N	3.9ВЦ	\N
69195	2025-12-18	2	5	3	39	\N	201	\N
69196	2025-12-18	3	79	2	39	\N	  32ац	\N
72444	2025-12-19	2	63	320	47	\N	217	\N
72445	2025-12-19	3	63	320	47	\N	217	\N
87755	2025-12-25	1	264	418	27	\N	3.7ВЦ	\N
87756	2025-12-25	2	264	418	27	\N	3.7ВЦ	\N
86261	2025-12-24	3	5	4	2	\N	202	\N
86262	2025-12-24	4	5	4	2	\N	202	\N
86263	2025-12-24	5	84	43	2	\N	328	\N
72441	2025-12-19	2	14	3	46	\N	202	\N
72442	2025-12-19	4	12	11	46	\N	null	\N
72443	2025-12-19	1	63	320	47	\N	217	\N
86264	2025-12-24	1	12	11	3	\N	3.9ВЦ	\N
86265	2025-12-24	2	12	11	3	\N	3.9ВЦ	\N
86266	2025-12-24	3	12	11	3	\N	3.9ВЦ	\N
65347	2025-12-17	4	5	357	7	\N	201	\N
65348	2025-12-17	1	75	278	8	\N	206	\N
65349	2025-12-17	2	239	254	8	\N	317 / 204	\N
65350	2025-12-17	3	72	38	8	\N	1 корпус	\N
65351	2025-12-17	4	72	38	8	\N	1 корпус	\N
51801	2025-12-12	2	84	43	39	\N	328	\N
51802	2025-12-12	3	64	5	39	\N	006	\N
46391	2025-12-11	3	34	31	19	\N	3.4ВЦ / 3.21ВЦ	\N
46392	2025-12-11	4	93	64	19	\N	103	\N
46393	2025-12-11	1	29	338	20	\N	226	\N
46394	2025-12-11	2	42	4	20	\N	104	\N
46395	2025-12-11	3	6	2	20	\N	305	\N
46403	2025-12-11	3	39	42	23	\N	215	\N
46410	2025-12-11	5	67	313	26	\N	224	\N
46411	2025-12-11	6	67	313	26	\N	224	\N
42009	2025-12-10	2	10	332	4	\N	304	\N
42012	2025-12-10	4	73	4	6	\N	302	\N
42016	2025-12-10	3	5	4	7	\N	201	\N
42017	2025-12-10	4	17	278	8	\N	222	\N
42018	2025-12-10	5	6	2	8	\N	305	\N
42019	2025-12-10	1	73	4	9	\N	302	\N
42020	2025-12-10	2	19	43	9	\N	006	\N
42021	2025-12-10	3	20	13	9	\N	108	\N
46417	2025-12-11	2	29	27	28	\N	Читальный зал	\N
46418	2025-12-11	3	3	5	28	\N	3.2ВЦ	\N
46426	2025-12-11	3	20	13	31	\N	108	\N
46427	2025-12-11	4	42	4	31	\N	104	\N
46438	2025-12-11	6	24	21	33	\N	null	\N
46439	2025-12-11	7	24	21	33	\N	null	\N
46440	2025-12-11	1	14	3	34	\N	202	\N
46441	2025-12-11	2	3	16	34	\N	3.2ВЦ	\N
46442	2025-12-11	3	41	4	34	\N	310	\N
46443	2025-12-11	4	41	4	34	\N	310	\N
46444	2025-12-11	2	31	341	35	\N	010	\N
46445	2025-12-11	2	54	58	36	\N	002	\N
46446	2025-12-11	3	54	58	36	\N	002	\N
46451	2025-12-11	2	8	49	37	\N	311	\N
46452	2025-12-11	3	9	7	37	\N	117	\N
46453	2025-12-11	4	20	13	37	\N	108	\N
46454	2025-12-11	5	20	13	37	\N	108	\N
37576	2025-12-09	2	8	43	31	\N	311	\N
46455	2025-12-11	1	79	2	57	\N	  32ац	\N
46472	2025-12-11	5	40	38	1	\N	1 корпус	\N
46473	2025-12-11	4	60	68	42	\N	203	\N
46474	2025-12-11	5	47	107	42	\N	117	\N
46475	2025-12-11	1	61	13	43	\N	307	\N
46476	2025-12-11	2	61	13	43	\N	307	\N
46477	2025-12-11	1	62	112	44	\N	Корпус 4	\N
46478	2025-12-11	2	62	112	44	\N	Корпус 4	\N
46494	2025-12-11	3	64	343	48	\N	3.5ВЦ	\N
46495	2025-12-11	1	57	333	49	\N	326	\N
51803	2025-12-12	1	43	107	40	\N	120	\N
65352	2025-12-17	2	14	3	9	\N	202	\N
65353	2025-12-17	3	20	13	9	\N	108	\N
65354	2025-12-17	4	14	3	9	\N	202	\N
46496	2025-12-11	2	57	333	49	\N	326	\N
46501	2025-12-11	3	42	78	50	\N	104	\N
46502	2025-12-11	4	55	3	50	\N	124	\N
46503	2025-12-11	5	55	3	50	\N	124	\N
46504	2025-12-11	1	67	81	51	\N	224	\N
46506	2025-12-11	3	67	80	51	\N	224	\N
46507	2025-12-11	4	66	79	51	\N	207	\N
46508	2025-12-11	1	208	346	52	\N	3.21ВЦ	\N
65355	2025-12-17	5	73	4	9	\N	302	\N
65356	2025-12-17	1	12	36	10	\N	3.9ВЦ	\N
65357	2025-12-17	2	204	12	10	\N	208	\N
65358	2025-12-17	3	6	2	10	\N	305	\N
65359	2025-12-17	2	27	7	11	\N	306	\N
65360	2025-12-17	3	75	255	11	\N	206	\N
65361	2025-12-17	4	40	38	11	\N	1 корпус	\N
65362	2025-12-17	5	12	111	11	\N	3.9ВЦ	\N
65363	2025-12-17	4	93	131	13	\N	null	\N
65364	2025-12-17	5	93	131	13	\N	null	\N
65365	2025-12-17	1	23	96	14	\N	106	\N
65366	2025-12-17	2	23	96	14	\N	106	\N
65367	2025-12-17	3	33	310	15	\N	324	\N
65368	2025-12-17	4	33	310	15	\N	324	\N
65369	2025-12-17	5	33	310	15	\N	324	\N
65370	2025-12-17	1	28	353	16	\N	220	\N
65371	2025-12-17	2	28	353	16	\N	220	\N
65372	2025-12-17	1	14	3	17	\N	202	\N
65495	2025-12-17	1	83	357	58	\N	309	\N
86267	2025-12-24	1	203	360	141	\N	118	\N
86268	2025-12-24	2	203	360	141	\N	118	\N
86269	2025-12-24	3	203	252	141	\N	118	\N
61409	2025-12-16	2	75	17	11	\N	206	\N
87757	2025-12-25	3	46	48	27	\N	314	\N
87758	2025-12-25	4	46	48	27	\N	314	\N
87771	2025-12-25	4	52	56	33	\N	230	\N
87772	2025-12-25	5	52	56	33	\N	230	\N
87773	2025-12-25	6	40	38	33	\N	null	\N
69086	2025-12-18	1	9	7	4	\N	117	\N
51690	2025-12-12	4	20	6	7	\N	108	\N
51692	2025-12-12	4	72	38	8	\N	1 корпус	\N
51693	2025-12-12	5	6	2	8	\N	305	\N
51694	2025-12-12	6	6	347	8	\N	305	\N
51695	2025-12-12	1	93	4	9	\N	103	\N
51696	2025-12-12	2	7	5	9	\N	302	\N
51697	2025-12-12	3	13	12	9	\N	204 / 204	\N
69121	2025-12-18	6	33	310	15	\N	324	\N
69122	2025-12-18	1	28	353	16	\N	220	\N
69123	2025-12-18	2	28	353	16	\N	220	\N
65379	2025-12-17	1	33	281	19	\N	324	\N
65380	2025-12-17	2	60	68	19	\N	203	\N
37674	2025-12-09	2	84	43	58	\N	328	\N
37675	2025-12-09	3	79	2	58	\N	  32ац	\N
82408	2025-12-23	2	42	4	32	\N	104	\N
82409	2025-12-23	3	14	3	32	\N	202	\N
82410	2025-12-23	4	14	3	32	\N	202	\N
82411	2025-12-23	4	55	3	58	\N	124	\N
82412	2025-12-23	5	55	3	58	\N	124	\N
82413	2025-12-23	5	52	55	33	\N	null	\N
82414	2025-12-23	6	52	56	33	\N	null	\N
46336	2025-12-11	1	3	16	2	\N	3.2ВЦ	\N
46337	2025-12-11	2	4	2	2	\N	3.8ВЦ	\N
46338	2025-12-11	3	5	3	2	\N	201	\N
46339	2025-12-11	4	5	4	2	\N	201	\N
46340	2025-12-11	1	12	11	3	\N	3.9ВЦ	\N
46341	2025-12-11	2	7	5	3	\N	3.15ВЦ	\N
46342	2025-12-11	3	8	43	3	\N	311	\N
46343	2025-12-11	4	6	2	3	\N	305	\N
46344	2025-12-11	1	9	7	4	\N	117	\N
46345	2025-12-11	2	9	8	4	\N	117	\N
46346	2025-12-11	3	43	44	4	\N	120	\N
46347	2025-12-11	4	43	276	4	\N	120	\N
46348	2025-12-11	1	225	4	6	\N	302	\N
46349	2025-12-11	2	86	27	6	\N	УП мастерские	\N
46350	2025-12-11	3	12	11	6	\N	3.9ВЦ	\N
46358	2025-12-11	3	226	4	9	\N	302	\N
46359	2025-12-11	1	7	5	10	\N	3.15ВЦ	\N
46360	2025-12-11	2	226	4	10	\N	302	\N
46361	2025-12-11	3	7	16	10	\N	3.15ВЦ	\N
46362	2025-12-11	1	17	279	11	\N	222	\N
46363	2025-12-11	2	40	38	11	\N	1 корпус	\N
46364	2025-12-11	1	76	324	12	\N	230	\N
37619	2025-12-09	2	79	2	39	\N	32ац	\N
37620	2025-12-09	3	35	34	39	\N	226 / 122	\N
37621	2025-12-09	4	41	4	39	\N	310	\N
37996	2025-12-09	1	15	13	40	\N	304	\N
37627	2025-12-09	2	2	66	1	\N	216	\N
37628	2025-12-09	3	11	262	1	\N	308	\N
37629	2025-12-09	4	2	110	1	\N	216	\N
37630	2025-12-09	5	59	109	1	\N	115	\N
37631	2025-12-09	1	41	4	42	\N	310	\N
37632	2025-12-09	2	6	2	42	\N	305	\N
37633	2025-12-09	3	208	21	42	\N	3.21ВЦ	\N
37634	2025-12-09	1	93	4	43	\N	103	\N
37635	2025-12-09	2	32	32	43	\N	312	\N
37636	2025-12-09	3	67	269	43	\N	224	\N
37637	2025-12-09	4	32	329	43	\N	312	\N
37638	2025-12-09	3	62	112	44	\N	Корпус 4	\N
37639	2025-12-09	4	62	112	44	\N	Корпус 4	\N
37640	2025-12-09	5	62	112	44	\N	Корпус 4	\N
37641	2025-12-09	1	27	7	59	\N	308	\N
37642	2025-12-09	2	61	49	59	\N	307	\N
37643	2025-12-09	3	24	21	59	\N	3.14ВЦ	\N
37644	2025-12-09	1	60	68	45	\N	203	\N
37645	2025-12-09	2	60	68	45	\N	203	\N
37646	2025-12-09	3	93	64	45	\N	103	\N
37647	2025-12-09	4	93	64	45	\N	103	\N
37666	2025-12-09	1	23	322	52	\N	106	\N
37667	2025-12-09	2	23	322	52	\N	106	\N
37668	2025-12-09	3	63	120	52	\N	217	\N
37669	2025-12-09	4	63	253	52	\N	217	\N
37670	2025-12-09	1	57	68	54	\N	326	\N
37671	2025-12-09	2	37	38	54	\N	1 корпус	\N
37672	2025-12-09	3	37	38	54	\N	1 корпус	\N
37673	2025-12-09	1	83	4	58	\N	309	\N
46365	2025-12-11	2	76	324	12	\N	230	\N
46366	2025-12-11	3	76	324	12	\N	230	\N
46367	2025-12-11	4	11	10	13	\N	null	\N
46368	2025-12-11	5	23	20	13	\N	null	\N
46369	2025-12-11	6	24	21	13	\N	null	\N
46370	2025-12-11	7	23	20	13	\N	null	\N
46371	2025-12-11	2	59	337	14	\N	208	\N
46372	2025-12-11	3	40	38	14	\N	null	\N
46373	2025-12-11	4	23	23	14	\N	106	\N
46374	2025-12-11	5	23	23	14	\N	106	\N
46386	2025-12-11	3	27	35	17	\N	306	\N
46389	2025-12-11	1	32	32	19	\N	312	\N
46390	2025-12-11	2	33	30	19	\N	324	\N
87630	2025-12-26	2	12	11	17	\N	3.9ВЦ	\N
87631	2025-12-26	3	12	11	17	\N	3.9ВЦ	\N
87632	2025-12-26	4	12	11	17	\N	3.9ВЦ	\N
65381	2025-12-17	3	93	64	19	\N	103	\N
87633	2025-12-26	1	12	11	46	\N	3.9ВЦ	\N
87634	2025-12-26	2	12	11	46	\N	3.9ВЦ	\N
87635	2025-12-26	3	12	11	46	\N	3.9ВЦ	\N
87636	2025-12-26	4	12	11	46	\N	3.9ВЦ	\N
87637	2025-12-26	1	93	409	19	\N	103	\N
87638	2025-12-26	2	84	6	48	\N	328	\N
87675	2025-12-25	2	198	34	3	\N	маст / маст	\N
87677	2025-12-25	1	208	21	141	\N	3.21ВЦ	\N
51709	2025-12-12	6	76	324	12	\N	230	\N
51710	2025-12-12	4	53	38	13	\N	null	\N
69150	2025-12-18	5	41	4	24	\N	310	\N
69151	2025-12-18	1	67	313	26	\N	224	\N
69152	2025-12-18	2	67	313	26	\N	224	\N
37556	2025-12-09	3	41	4	24	\N	310	\N
37557	2025-12-09	4	12	11	24	\N	3.9ВЦ	\N
37558	2025-12-09	5	6	2	24	\N	305	\N
37559	2025-12-09	3	43	276	25	\N	120	\N
37560	2025-12-09	4	42	4	25	\N	104	\N
37561	2025-12-09	5	43	277	25	\N	120	\N
37564	2025-12-09	4	208	53	27	\N	3.21ВЦ	\N
37565	2025-12-09	5	61	104	27	\N	307	\N
37566	2025-12-09	1	35	34	28	\N	226 / 122	\N
37567	2025-12-09	2	4	2	28	\N	3.8вц	\N
37568	2025-12-09	3	5	3	28	\N	201	\N
37571	2025-12-09	1	16	116	29	\N	3.14ВЦ / 3.21ВЦ	\N
37572	2025-12-09	2	56	15	29	\N	1 корпус	\N
37573	2025-12-09	3	61	13	29	\N	307	\N
37574	2025-12-09	4	61	13	29	\N	307	\N
37583	2025-12-09	4	76	245	136	\N	230	\N
37584	2025-12-09	5	76	245	136	\N	230	\N
37585	2025-12-09	6	76	245	136	\N	230	\N
37586	2025-12-09	4	221	55	33	\N	null	\N
37587	2025-12-09	5	17	264	33	\N	null	\N
37589	2025-12-09	7	24	21	33	\N	null	\N
37590	2025-12-09	2	3	16	34	\N	3.2ВЦ	\N
37591	2025-12-09	3	50	35	34	\N	115	\N
37592	2025-12-09	4	3	5	34	\N	3.2ВЦ	\N
69153	2025-12-18	3	67	313	26	\N	224	\N
69154	2025-12-18	4	67	313	26	\N	224	\N
58208	2025-12-15	2	229	34	3	\N	204/УП	\N
58209	2025-12-15	3	230	89	3	\N	311/УП	\N
58210	2025-12-15	4	8	6	3	\N	311	\N
58211	2025-12-15	1	43	276	4	\N	120	\N
58213	2025-12-15	3	15	13	4	\N	3.15ВЦ	\N
51698	2025-12-12	4	7	16	9	\N	302	\N
37593	2025-12-09	5	41	4	34	\N	310	\N
37594	2025-12-09	1	47	268	35	\N	108	\N
37600	2025-12-09	4	8	284	36	\N	311	\N
37601	2025-12-09	5	40	38	36	\N	1 корпус	\N
51699	2025-12-12	1	7	16	10	\N	302	\N
51700	2025-12-12	2	93	4	10	\N	Читальный зал	\N
51701	2025-12-12	3	7	16	10	\N	302	\N
51702	2025-12-12	4	6	2	10	\N	305	\N
51703	2025-12-12	1	75	17	11	\N	206	\N
51704	2025-12-12	2	27	7	11	\N	306	\N
51705	2025-12-12	3	75	17	11	\N	206	\N
51706	2025-12-12	4	17	91	11	\N	222	\N
51707	2025-12-12	4	76	324	12	\N	230	\N
51708	2025-12-12	5	76	324	12	\N	230	\N
58214	2025-12-15	4	43	277	4	\N	120	\N
58215	2025-12-15	5	43	277	4	\N	120	\N
58216	2025-12-15	4	6	2	6	\N	305	\N
58224	2025-12-15	3	235	278	8	\N	206	\N
37602	2025-12-09	2	31	316	138	\N	010	\N
37603	2025-12-09	3	199	302	138	\N	008	\N
37604	2025-12-09	4	31	327	138	\N	010	\N
37605	2025-12-09	5	17	303	138	\N	222	\N
37606	2025-12-09	1	56	15	37	\N	1 корпус	\N
37607	2025-12-09	2	16	116	37	\N	3.14ВЦ / 3.21ВЦ	\N
37648	2025-12-09	1	3	5	46	\N	3.2ВЦ	\N
37649	2025-12-09	2	73	4	46	\N	302	\N
37650	2025-12-09	3	4	2	46	\N	3.8ВЦ	\N
37651	2025-12-09	1	63	320	47	\N	217	\N
37652	2025-12-09	2	63	320	47	\N	217	\N
37653	2025-12-09	3	84	43	48	\N	328	\N
37654	2025-12-09	4	79	36	48	\N	  32ац	\N
37655	2025-12-09	5	79	2	48	\N	  32ац	\N
37656	2025-12-09	4	17	117	49	\N	222	\N
37657	2025-12-09	5	65	330	49	\N	326 / 213	\N
37658	2025-12-09	1	55	3	50	\N	124	\N
37659	2025-12-09	2	65	75	50	\N	326 / 213	\N
37660	2025-12-09	3	47	118	50	\N	108	\N
37661	2025-12-09	4	65	75	50	\N	326 / 213	\N
37662	2025-12-09	2	11	238	51	\N	308	\N
37663	2025-12-09	3	66	79	51	\N	203	\N
37664	2025-12-09	4	67	80	51	\N	224	\N
37665	2025-12-09	5	67	80	51	\N	224	\N
86293	2025-12-24	3	4	2	57	\N	3.8ВЦ	\N
86294	2025-12-24	4	4	2	57	\N	3.8ВЦ	\N
77002	2025-12-20	2	54	374	139	\N	002	\N
77003	2025-12-20	1	25	88	13	\N	null	\N
77004	2025-12-20	2	25	128	13	\N	null	\N
77005	2025-12-20	3	25	20	13	\N	null	\N
77006	2025-12-20	1	6	2	31	\N	305	\N
77007	2025-12-20	2	6	2	31	\N	305	\N
77010	2025-12-20	1	245	21	33	\N	3.7ВЦ	\N
77011	2025-12-20	2	245	21	33	\N	3.7ВЦ	\N
77012	2025-12-20	1	33	310	15	\N	324	\N
77013	2025-12-20	2	33	310	15	\N	324	\N
77014	2025-12-20	3	33	310	15	\N	324	\N
80427	2025-12-22	2	40	38	1	\N	null	\N
61505	2025-12-16	2	2	110	1	\N	216	\N
61506	2025-12-16	3	11	262	1	\N	308	\N
61507	2025-12-16	4	59	67	1	\N	115	\N
80428	2025-12-22	3	60	68	42	\N	203	\N
80490	2025-12-22	6	91	55	33	\N	null	\N
80491	2025-12-22	7	91	55	33	\N	null	\N
86295	2025-12-24	5	4	2	57	\N	3.8ВЦ	\N
86296	2025-12-24	6	4	2	57	\N	3.8ВЦ	\N
86297	2025-12-24	1	17	4	8	\N	222	\N
86298	2025-12-24	2	17	4	8	\N	222	\N
72425	2025-12-19	1	93	304	1	\N	103	\N
86299	2025-12-24	3	17	4	8	\N	222	\N
86300	2025-12-24	2	7	5	9	\N	3.15ВЦ	\N
86301	2025-12-24	3	14	3	9	\N	202	\N
86302	2025-12-24	4	14	3	9	\N	202	\N
86303	2025-12-24	5	13	12	9	\N	3.4ВЦ / 3.4ВЦ	\N
86402	2025-12-24	7	17	283	33	\N	222	\N
82298	2025-12-23	1	29	51	2	\N	226	\N
51747	2025-12-12	2	11	262	27	\N	115	\N
51748	2025-12-12	3	45	47	27	\N	303	\N
51749	2025-12-12	4	45	47	27	\N	303	\N
51750	2025-12-12	1	3	16	28	\N	124	\N
51751	2025-12-12	2	4	2	28	\N	311	\N
51752	2025-12-12	3	84	6	28	\N	328	\N
51753	2025-12-12	1	54	265	139	\N	002	\N
51754	2025-12-12	2	54	265	139	\N	002	\N
37518	2025-12-09	6	23	128	13	\N	null	\N
37519	2025-12-09	7	23	88	13	\N	null	\N
37520	2025-12-09	3	9	7	14	\N	117	\N
37521	2025-12-09	4	24	21	14	\N	3.14ВЦ	\N
37522	2025-12-09	5	63	237	14	\N	217	\N
37523	2025-12-09	6	63	237	14	\N	217	\N
37524	2025-12-09	2	33	310	15	\N	324	\N
37525	2025-12-09	3	33	310	15	\N	324	\N
37526	2025-12-09	4	33	310	15	\N	324	\N
37527	2025-12-09	5	33	310	15	\N	324	\N
37528	2025-12-09	1	28	311	16	\N	220	\N
37529	2025-12-09	2	28	311	16	\N	220	\N
42104	2025-12-10	3	16	12	34	\N	3.14ВЦ / 3.21ВЦ	\N
42105	2025-12-10	4	86	51	34	\N	УП мастерские	\N
42106	2025-12-10	5	86	51	34	\N	УП мастерские	\N
42107	2025-12-10	1	83	64	35	\N	309	\N
42108	2025-12-10	2	15	13	35	\N	328	\N
42109	2025-12-10	3	15	13	35	\N	328	\N
42110	2025-12-10	4	47	268	35	\N	117	\N
42111	2025-12-10	1	19	265	36	\N	006	\N
42112	2025-12-10	2	26	59	36	\N	321	\N
42113	2025-12-10	3	26	59	36	\N	321	\N
42114	2025-12-10	4	8	284	36	\N	311	\N
42115	2025-12-10	1	31	327	138	\N	010	\N
42116	2025-12-10	2	31	327	138	\N	010	\N
42117	2025-12-10	3	40	38	138	\N	null	\N
42118	2025-12-10	1	17	105	37	\N	222	\N
42119	2025-12-10	2	83	243	37	\N	309	\N
42120	2025-12-10	1	27	35	57	\N	306	\N
42121	2025-12-10	2	55	3	57	\N	124	\N
42122	2025-12-10	3	64	16	57	\N	3.5ВЦ	\N
42123	2025-12-10	4	83	4	57	\N	309	\N
42124	2025-12-10	1	29	27	38	\N	226	\N
42125	2025-12-10	2	64	16	38	\N	3.5ВЦ	\N
42126	2025-12-10	3	27	35	38	\N	306	\N
42127	2025-12-10	4	55	3	38	\N	124	\N
42128	2025-12-10	3	41	4	39	\N	310	\N
42129	2025-12-10	4	84	43	39	\N	328	\N
42130	2025-12-10	5	80	89	39	\N	328 / 122	\N
42131	2025-12-10	1	57	62	40	\N	326	\N
42132	2025-12-10	2	93	4	40	\N	103	\N
42133	2025-12-10	3	93	4	40	\N	103	\N
42134	2025-12-10	1	45	285	41	\N	303	\N
42135	2025-12-10	2	45	285	41	\N	303	\N
42136	2025-12-10	3	46	108	41	\N	314	\N
69210	2025-12-18	3	60	68	42	\N	203	\N
51711	2025-12-12	5	23	20	13	\N	null	\N
51712	2025-12-12	6	11	10	13	\N	null	\N
51713	2025-12-12	7	23	20	13	\N	null	\N
51714	2025-12-12	1	23	96	14	\N	106	\N
51715	2025-12-12	2	23	96	14	\N	106	\N
51716	2025-12-12	2	33	310	15	\N	324	\N
51717	2025-12-12	3	33	310	15	\N	324	\N
46412	2025-12-11	3	45	46	27	\N	303	\N
46413	2025-12-11	4	45	46	27	\N	303	\N
46414	2025-12-11	5	45	47	27	\N	303	\N
46415	2025-12-11	6	45	47	27	\N	303	\N
51718	2025-12-12	4	33	310	15	\N	324	\N
51745	2025-12-12	6	67	313	26	\N	224	\N
51746	2025-12-12	1	11	262	27	\N	115	\N
69211	2025-12-18	4	208	53	42	\N	3.21ВЦ	\N
69212	2025-12-18	5	208	53	42	\N	3.21ВЦ	\N
42137	2025-12-10	4	45	286	41	\N	303	\N
42138	2025-12-10	5	45	286	41	\N	303	\N
42139	2025-12-10	3	213	287	1	\N	220	\N
42140	2025-12-10	4	213	287	1	\N	220	\N
42141	2025-12-10	5	213	287	1	\N	220	\N
42142	2025-12-10	1	41	4	42	\N	310	\N
42143	2025-12-10	2	12	111	42	\N	3.9ВЦ	\N
42144	2025-12-10	3	47	107	42	\N	117	\N
69226	2025-12-18	3	4	2	46	\N	3.8ВЦ	\N
69227	2025-12-18	1	63	320	47	\N	217	\N
69228	2025-12-18	2	63	320	47	\N	217	\N
87678	2025-12-25	2	208	21	141	\N	3.21ВЦ	\N
86276	2025-12-24	3	260	407	6	\N	3.9вц	\N
82299	2025-12-23	2	29	27	2	\N	Читальный зал	\N
65382	2025-12-17	4	18	14	19	\N	203	\N
65448	2025-12-17	2	45	285	41	\N	303	\N
65449	2025-12-17	3	41	64	41	\N	310	\N
65450	2025-12-17	4	45	286	41	\N	303	\N
65451	2025-12-17	5	45	286	41	\N	303	\N
65452	2025-12-17	3	213	287	1	\N	220	\N
65453	2025-12-17	4	213	287	1	\N	220	\N
65454	2025-12-17	5	213	287	1	\N	220	\N
65455	2025-12-17	6	213	287	1	\N	220	\N
65456	2025-12-17	2	12	111	42	\N	3.9ВЦ	\N
65457	2025-12-17	3	60	68	42	\N	203	\N
65458	2025-12-17	4	41	4	42	\N	310	\N
65459	2025-12-17	1	19	368	43	\N	006	\N
65460	2025-12-17	1	62	70	140	\N	117	\N
65461	2025-12-17	2	62	70	140	\N	117	\N
65462	2025-12-17	3	62	369	140	\N	117	\N
82300	2025-12-23	3	29	27	2	\N	Читальный зал	\N
82301	2025-12-23	4	84	43	2	\N	328	\N
82302	2025-12-23	2	12	11	3	\N	3.9ВЦ	\N
82303	2025-12-23	3	7	5	3	\N	3.15ВЦ	\N
82304	2025-12-23	4	7	5	3	\N	3.15ВЦ	\N
82305	2025-12-23	5	12	11	3	\N	3.9ВЦ	\N
82322	2025-12-23	5	8	284	36	\N	311	\N
82323	2025-12-23	1	31	316	138	\N	010	\N
82324	2025-12-23	2	31	327	138	\N	010	\N
82325	2025-12-23	1	7	5	7	\N	3.15ВЦ	\N
82326	2025-12-23	2	55	3	7	\N	124	\N
51688	2025-12-12	2	198	34	7	\N	УП мастерские	\N
51689	2025-12-12	3	198	34	7	\N	УП мастерские	\N
51691	2025-12-12	3	200	254	8	\N	317 / 317	\N
51672	2025-12-12	1	70	12	2	\N	213 / 213	\N
51673	2025-12-12	2	5	3	2	\N	201	\N
51674	2025-12-12	3	5	4	2	\N	201	\N
51675	2025-12-12	4	5	3	2	\N	201	\N
58269	2025-12-15	3	41	4	24	\N	310	\N
58270	2025-12-15	4	34	12	24	\N	3.4ВЦ / 3.21ВЦ	\N
58271	2025-12-15	3	67	313	26	\N	224	\N
58272	2025-12-15	4	67	313	26	\N	224	\N
58305	2025-12-15	2	199	302	138	\N	118	\N
58306	2025-12-15	3	199	317	138	\N	118	\N
58307	2025-12-15	4	31	316	138	\N	010	\N
58308	2025-12-15	5	31	316	138	\N	010	\N
65476	2025-12-17	1	29	27	48	\N	Читальный зал	\N
65478	2025-12-17	3	42	4	48	\N	104	\N
51676	2025-12-12	1	5	4	3	\N	201	\N
51677	2025-12-12	2	71	53	3	\N	208	\N
51678	2025-12-12	3	3	16	3	\N	124	\N
51679	2025-12-12	4	27	35	3	\N	306	\N
51680	2025-12-12	2	43	277	4	\N	120	\N
51681	2025-12-12	3	9	8	4	\N	117	\N
51682	2025-12-12	4	43	44	4	\N	120	\N
51683	2025-12-12	1	6	2	6	\N	305	\N
51684	2025-12-12	2	20	13	6	\N	108	\N
51685	2025-12-12	3	5	4	6	\N	208	\N
51686	2025-12-12	4	14	3	6	\N	202	\N
51687	2025-12-12	1	20	235	7	\N	108	\N
42022	2025-12-10	4	6	2	9	\N	305	\N
42023	2025-12-10	1	12	36	10	\N	3.9ВЦ	\N
42024	2025-12-10	2	204	12	10	\N	208 / 208	\N
42025	2025-12-10	3	6	2	10	\N	305	\N
42026	2025-12-10	4	14	3	10	\N	202	\N
42027	2025-12-10	1	59	236	11	\N	115	\N
42028	2025-12-10	2	17	279	11	\N	222	\N
42029	2025-12-10	3	71	21	11	\N	208	\N
42030	2025-12-10	4	40	38	11	\N	1 корпус	\N
42031	2025-12-10	4	76	324	12	\N	null	\N
42032	2025-12-10	5	76	324	12	\N	null	\N
42033	2025-12-10	6	76	324	12	\N	null	\N
42034	2025-12-10	1	23	96	14	\N	106	\N
42035	2025-12-10	2	23	96	14	\N	106	\N
42036	2025-12-10	3	23	23	14	\N	106	\N
42037	2025-12-10	4	23	23	14	\N	106	\N
42038	2025-12-10	3	33	310	15	\N	324	\N
42039	2025-12-10	4	33	310	15	\N	324	\N
42040	2025-12-10	5	33	310	15	\N	324	\N
42041	2025-12-10	6	33	310	15	\N	324	\N
42042	2025-12-10	1	28	311	16	\N	220	\N
42043	2025-12-10	2	28	311	16	\N	220	\N
42044	2025-12-10	2	199	239	137	\N	118	\N
42045	2025-12-10	3	199	239	137	\N	118	\N
42047	2025-12-10	1	14	3	17	\N	202	\N
42048	2025-12-10	2	6	2	17	\N	305	\N
42049	2025-12-10	3	73	4	17	\N	302	\N
42050	2025-12-10	2	33	282	19	\N	324	\N
42051	2025-12-10	3	60	68	19	\N	203	\N
42053	2025-12-10	1	20	43	20	\N	108	\N
42054	2025-12-10	2	14	3	20	\N	202	\N
42055	2025-12-10	3	7	5	20	\N	3.15ВЦ	\N
42076	2025-12-10	5	67	313	26	\N	224	\N
42077	2025-12-10	6	67	313	26	\N	224	\N
42078	2025-12-10	3	45	241	27	\N	303	\N
42079	2025-12-10	4	46	48	27	\N	314	\N
42080	2025-12-10	5	46	48	27	\N	314	\N
42081	2025-12-10	6	45	46	27	\N	303	\N
42082	2025-12-10	1	5	4	28	\N	201	\N
42083	2025-12-10	2	5	3	28	\N	201	\N
42084	2025-12-10	3	3	16	28	\N	3.2ВЦ	\N
42085	2025-12-10	1	17	105	29	\N	222	\N
42086	2025-12-10	2	16	31	29	\N	3.14ВЦ / 3.21ВЦ	\N
42087	2025-12-10	3	83	243	29	\N	309	\N
42088	2025-12-10	4	61	13	29	\N	307	\N
42089	2025-12-10	2	3	5	31	\N	3.2ВЦ	\N
42090	2025-12-10	3	86	27	31	\N	УП	\N
42091	2025-12-10	4	42	4	31	\N	104	\N
82327	2025-12-23	3	55	3	7	\N	124	\N
82328	2025-12-23	1	55	3	57	\N	124	\N
82329	2025-12-23	2	64	16	57	\N	3.5ВЦ	\N
82330	2025-12-23	1	73	357	9	\N	302	\N
82331	2025-12-23	1	4	36	38	\N	3.8ВЦ	\N
82332	2025-12-23	2	4	36	38	\N	3.8ВЦ	\N
82333	2025-12-23	3	84	43	38	\N	328	\N
82334	2025-12-23	1	5	3	39	\N	202	\N
58309	2025-12-15	2	79	73	37	\N	  32ац	\N
58310	2025-12-15	3	9	7	37	\N	117	\N
58311	2025-12-15	4	9	7	37	\N	117	\N
58312	2025-12-15	2	84	358	57	\N	328	\N
58313	2025-12-15	3	12	11	57	\N	3.9ВЦ	\N
58314	2025-12-15	4	232	359	57	\N	null	\N
58315	2025-12-15	1	79	2	38	\N	  32ац	\N
58332	2025-12-15	4	60	68	42	\N	203	\N
58333	2025-12-15	1	32	334	43	\N	312	\N
58334	2025-12-15	1	11	262	140	\N	308	\N
58360	2025-12-15	3	38	40	52	\N	204	\N
82335	2025-12-23	2	5	3	39	\N	202	\N
82336	2025-12-23	3	64	5	39	\N	3.5ВЦ	\N
82337	2025-12-23	4	64	16	39	\N	3.5ВЦ	\N
82338	2025-12-23	1	12	36	10	\N	3.9ВЦ	\N
82339	2025-12-23	2	14	3	10	\N	202	\N
82340	2025-12-23	3	33	400	10	\N	324	\N
82341	2025-12-23	1	22	391	11	\N	222	\N
76989	2025-12-20	1	20	13	37	\N	108	\N
76990	2025-12-20	2	20	13	37	\N	108	\N
76991	2025-12-20	4	6	2	7	\N	305	\N
76992	2025-12-20	5	6	2	7	\N	305	\N
76993	2025-12-20	3	38	362	22	\N	204	\N
76994	2025-12-20	4	38	362	22	\N	204	\N
76995	2025-12-20	5	38	40	22	\N	204	\N
76996	2025-12-20	6	38	136	22	\N	204	\N
76997	2025-12-20	3	250	2	38	\N	null	\N
42155	2025-12-10	2	73	4	46	\N	302	\N
42156	2025-12-10	3	13	12	46	\N	3.7ВЦ / 3.4ВЦ	\N
42157	2025-12-10	4	27	35	46	\N	306	\N
42158	2025-12-10	1	63	320	47	\N	217	\N
42159	2025-12-10	2	63	320	47	\N	217	\N
42160	2025-12-10	3	63	320	47	\N	217	\N
42161	2025-12-10	1	55	3	48	\N	124	\N
42162	2025-12-10	2	35	34	48	\N	226 / 122	\N
42163	2025-12-10	3	42	4	48	\N	104	\N
42164	2025-12-10	4	64	16	48	\N	3.5ВЦ	\N
42165	2025-12-10	1	93	76	49	\N	103	\N
42166	2025-12-10	2	65	75	49	\N	326 / 213	\N
42167	2025-12-10	3	17	117	49	\N	222	\N
42168	2025-12-10	4	78	15	49	\N	1 корпус	\N
42169	2025-12-10	1	4	246	50	\N	3.8ВЦ	\N
42170	2025-12-10	2	47	118	50	\N	117	\N
42171	2025-12-10	3	58	15	50	\N	1 корпус	\N
42172	2025-12-10	1	67	81	51	\N	224	\N
42173	2025-12-10	2	67	81	51	\N	224	\N
42174	2025-12-10	3	11	300	51	\N	308	\N
42175	2025-12-10	4	82	21	51	\N	3.4ВЦ	\N
42176	2025-12-10	3	37	38	52	\N	1 корпус	\N
42177	2025-12-10	4	16	31	52	\N	3.14ВЦ / 3.21ВЦ	\N
42178	2025-12-10	5	16	31	52	\N	3.14ВЦ / 3.21ВЦ	\N
42179	2025-12-10	1	43	107	54	\N	120	\N
42180	2025-12-10	2	43	107	54	\N	120	\N
42181	2025-12-10	3	4	73	54	\N	3.8ВЦ	\N
42182	2025-12-10	1	64	16	58	\N	3.5ВЦ	\N
42183	2025-12-10	2	27	35	58	\N	306	\N
42184	2025-12-10	3	55	3	58	\N	124	\N
42185	2025-12-10	4	35	34	58	\N	226 / 122	\N
51739	2025-12-12	1	39	42	23	\N	215	\N
51740	2025-12-12	2	39	102	23	\N	215	\N
51741	2025-12-12	3	39	41	23	\N	215	\N
51742	2025-12-12	4	64	5	24	\N	006	\N
51743	2025-12-12	5	64	5	24	\N	006	\N
51744	2025-12-12	5	67	313	26	\N	224	\N
82342	2025-12-23	2	75	255	11	\N	206	\N
82343	2025-12-23	3	75	255	11	\N	206	\N
82344	2025-12-23	4	255	392	40	\N	204 / 204	\N
76974	2025-12-20	1	84	235	2	\N	328	\N
76975	2025-12-20	2	84	43	2	\N	328	\N
76976	2025-12-20	3	84	6	2	\N	328	\N
76977	2025-12-20	1	38	51	3	\N	204	\N
76978	2025-12-20	2	38	51	3	\N	204	\N
76979	2025-12-20	1	45	126	59	\N	303	\N
76980	2025-12-20	2	45	126	59	\N	303	\N
76981	2025-12-20	3	45	122	59	\N	303	\N
76982	2025-12-20	1	203	360	141	\N	УП мастерские	\N
82345	2025-12-23	3	22	65	41	\N	222	\N
82346	2025-12-23	4	45	249	41	\N	303	\N
82347	2025-12-23	5	45	249	41	\N	303	\N
82348	2025-12-23	1	33	270	43	\N	324	\N
82349	2025-12-23	2	61	13	43	\N	307	\N
51719	2025-12-12	5	33	310	15	\N	324	\N
51720	2025-12-12	1	28	311	16	\N	220	\N
51721	2025-12-12	2	28	311	16	\N	220	\N
51722	2025-12-12	3	28	311	16	\N	220	\N
51723	2025-12-12	4	28	311	16	\N	220	\N
51724	2025-12-12	1	27	35	17	\N	306	\N
51725	2025-12-12	2	42	4	17	\N	104	\N
51726	2025-12-12	3	14	3	17	\N	202	\N
51727	2025-12-12	4	34	12	17	\N	204 / 213	\N
51728	2025-12-12	1	32	32	19	\N	312	\N
51729	2025-12-12	2	32	32	19	\N	312	\N
51730	2025-12-12	3	32	32	19	\N	312	\N
51731	2025-12-12	4	18	14	19	\N	115	\N
51732	2025-12-12	1	42	4	20	\N	104	\N
51733	2025-12-12	2	6	2	20	\N	305	\N
51734	2025-12-12	3	6	2	20	\N	305	\N
51735	2025-12-12	4	42	4	20	\N	104	\N
51736	2025-12-12	4	36	305	21	\N	208	\N
51737	2025-12-12	1	17	39	22	\N	222	\N
51738	2025-12-12	2	17	39	22	\N	222	\N
82350	2025-12-23	3	61	13	43	\N	307	\N
82351	2025-12-23	4	33	280	43	\N	324	\N
82352	2025-12-23	5	33	393	43	\N	324	\N
82353	2025-12-23	1	62	365	140	\N	Корпус 4	\N
82405	2025-12-23	3	13	12	31	\N	3.7ВЦ / 3.4ВЦ	\N
82406	2025-12-23	4	13	12	31	\N	3.7ВЦ / 3.4ВЦ	\N
76983	2025-12-20	2	203	252	141	\N	УП мастерские	\N
76984	2025-12-20	1	73	4	6	\N	302	\N
76985	2025-12-20	2	73	4	6	\N	302	\N
61415	2025-12-16	1	63	237	14	\N	217	\N
61416	2025-12-16	2	63	237	14	\N	217	\N
61417	2025-12-16	3	63	361	14	\N	217	\N
61418	2025-12-16	1	33	310	15	\N	324	\N
61419	2025-12-16	2	33	310	15	\N	324	\N
61420	2025-12-16	3	33	310	15	\N	324	\N
61421	2025-12-16	4	33	310	15	\N	324	\N
61422	2025-12-16	1	28	353	16	\N	220	\N
61423	2025-12-16	2	28	353	16	\N	220	\N
61424	2025-12-16	3	28	353	16	\N	220	\N
61425	2025-12-16	4	28	353	16	\N	220	\N
61426	2025-12-16	3	31	354	137	\N	010	\N
61427	2025-12-16	4	31	354	137	\N	010	\N
61428	2025-12-16	5	31	354	137	\N	010	\N
61429	2025-12-16	6	31	354	137	\N	010	\N
61430	2025-12-16	2	7	5	17	\N	3.15ВЦ	\N
61431	2025-12-16	3	238	4	17	\N	302	\N
61432	2025-12-16	4	27	35	17	\N	306	\N
61433	2025-12-16	1	32	334	19	\N	312	\N
61434	2025-12-16	1	14	3	20	\N	202	\N
61435	2025-12-16	2	42	4	20	\N	104	\N
61436	2025-12-16	3	7	16	20	\N	3.15ВЦ	\N
61437	2025-12-16	4	7	5	20	\N	3.15ВЦ	\N
61438	2025-12-16	3	38	362	22	\N	204	\N
61439	2025-12-16	4	38	40	22	\N	204	\N
61440	2025-12-16	5	43	307	22	\N	120	\N
61441	2025-12-16	1	11	262	23	\N	308	\N
55079	2025-12-13	4	4	73	41	\N	308	\N
55080	2025-12-13	4	76	245	136	\N	230	\N
55081	2025-12-13	5	76	245	136	\N	230	\N
55082	2025-12-13	6	76	245	136	\N	230	\N
55083	2025-12-13	1	52	55	33	\N	УП мастерские	\N
55084	2025-12-13	2	52	55	33	\N	УП мастерские	\N
76999	2025-12-20	5	250	2	38	\N	null	\N
77000	2025-12-20	1	7	383	10	\N	3.15ВЦ	\N
77001	2025-12-20	1	54	374	139	\N	002	\N
77416	2025-12-20	6	251	36	58	\N	null	\N
77417	2025-12-20	7	251	2	58	\N	null	\N
65387	2025-12-17	5	208	21	23	\N	3.21ВЦ	\N
65388	2025-12-17	1	41	4	24	\N	310	\N
65389	2025-12-17	2	41	4	24	\N	310	\N
65390	2025-12-17	3	12	11	24	\N	3.9ВЦ	\N
65406	2025-12-17	4	48	123	139	\N	317	\N
65407	2025-12-17	1	56	15	29	\N	1 корпус	\N
65408	2025-12-17	2	10	9	29	\N	304	\N
65409	2025-12-17	1	20	13	31	\N	108	\N
65410	2025-12-17	2	8	43	31	\N	311	\N
65411	2025-12-17	3	8	43	31	\N	311	\N
65412	2025-12-17	4	6	2	31	\N	305	\N
65413	2025-12-17	1	42	4	32	\N	104	\N
65414	2025-12-17	2	42	4	32	\N	104	\N
65415	2025-12-17	3	4	2	32	\N	3.8ВЦ	\N
65416	2025-12-17	4	20	43	32	\N	108	\N
65418	2025-12-17	5	52	56	33	\N	null	\N
65421	2025-12-17	2	50	35	34	\N	115	\N
65422	2025-12-17	3	16	12	34	\N	3.14ВЦ / 3.21ВЦ	\N
82407	2025-12-23	1	42	4	32	\N	104	\N
87679	2025-12-25	3	40	38	141	\N	null	\N
87680	2025-12-25	4	40	38	141	\N	null	\N
87681	2025-12-25	4	12	11	34	\N	3.9ВЦ	\N
87682	2025-12-25	5	12	11	34	\N	3.9ВЦ	\N
87683	2025-12-25	6	12	11	34	\N	3.9ВЦ	\N
76988	2025-12-20	2	93	64	19	\N	103	\N
51845	2025-12-12	4	53	38	51	\N	1 корпус	\N
51846	2025-12-12	1	63	350	52	\N	217	\N
51847	2025-12-12	2	63	120	52	\N	217	\N
51848	2025-12-12	3	23	322	52	\N	106	\N
51849	2025-12-12	4	23	322	52	\N	106	\N
51850	2025-12-12	1	57	68	54	\N	326	\N
51851	2025-12-12	2	57	68	54	\N	326	\N
51852	2025-12-12	3	43	107	54	\N	120	\N
51853	2025-12-12	1	45	126	55	\N	303	\N
51854	2025-12-12	2	45	126	55	\N	303	\N
51855	2025-12-12	3	40	38	55	\N	1 корпус	\N
51856	2025-12-12	4	40	38	55	\N	1 корпус	\N
51857	2025-12-12	2	64	16	58	\N	актовый зал	\N
51858	2025-12-12	3	83	4	58	\N	309	\N
51859	2025-12-12	4	79	2	58	\N	  32ац	\N
51860	2025-12-12	5	79	2	58	\N	  32ац	\N
55074	2025-12-13	5	93	131	13	\N	103	\N
55075	2025-12-13	6	93	131	13	\N	103	\N
55076	2025-12-13	1	6	2	31	\N	305	\N
55077	2025-12-13	2	6	2	31	\N	305	\N
55078	2025-12-13	3	4	73	41	\N	308	\N
76998	2025-12-20	4	250	2	38	\N	null	\N
65423	2025-12-17	4	16	12	34	\N	3.14ВЦ / 3.21ВЦ	\N
65424	2025-12-17	2	53	38	35	\N	1 корпус	\N
65433	2025-12-17	2	31	327	138	\N	010	\N
65434	2025-12-17	3	10	332	37	\N	304	\N
65435	2025-12-17	4	83	357	57	\N	309	\N
65436	2025-12-17	1	27	35	38	\N	306	\N
65437	2025-12-17	2	64	16	38	\N	3.5ВЦ	\N
65438	2025-12-17	3	55	3	38	\N	124	\N
65440	2025-12-17	2	215	371	39	\N	122	\N
65441	2025-12-17	3	5	3	39	\N	230	\N
65442	2025-12-17	4	64	5	39	\N	3.5ВЦ	\N
66465	2025-12-17	5	84	235	39	\N	328	\N
66466	2025-12-17	6	84	372	39	\N	328	\N
87684	2025-12-25	1	12	11	6	\N	3.9ВЦ	\N
87685	2025-12-25	2	12	11	6	\N	3.9ВЦ	\N
87686	2025-12-25	3	12	11	6	\N	3.9ВЦ	\N
87687	2025-12-25	2	15	13	35	\N	3.2вц	\N
87688	2025-12-25	3	31	57	35	\N	010	\N
87689	2025-12-25	4	31	57	35	\N	010	\N
87690	2025-12-25	5	31	57	35	\N	010	\N
72332	2025-12-19	4	7	5	10	\N	3.15ВЦ	\N
72333	2025-12-19	1	59	236	11	\N	115	\N
72334	2025-12-19	2	22	18	11	\N	208	\N
72335	2025-12-19	3	75	255	11	\N	206	\N
72336	2025-12-19	4	22	92	11	\N	208	\N
72337	2025-12-19	5	53	38	13	\N	null	\N
72338	2025-12-19	6	249	21	13	\N	null	\N
72446	2025-12-19	4	63	320	47	\N	217	\N
72447	2025-12-19	1	42	4	48	\N	104	\N
72448	2025-12-19	2	42	4	48	\N	104	\N
72449	2025-12-19	5	93	381	49	\N	103	\N
72450	2025-12-19	2	43	77	50	\N	120	\N
72451	2025-12-19	3	47	118	50	\N	124	\N
72452	2025-12-19	4	43	345	50	\N	120	\N
72453	2025-12-19	4	38	40	52	\N	204	\N
72454	2025-12-19	5	38	40	52	\N	204	\N
72455	2025-12-19	6	38	40	52	\N	204	\N
72456	2025-12-19	5	45	85	54	\N	303	\N
72460	2025-12-19	3	64	16	58	\N	3.5ВЦ	\N
80414	2025-12-22	3	33	6	10	\N	324	\N
80415	2025-12-22	1	22	18	11	\N	222	\N
80416	2025-12-22	2	59	236	11	\N	208	\N
80417	2025-12-22	3	27	7	11	\N	306	\N
80418	2025-12-22	4	22	387	11	\N	222	\N
80419	2025-12-22	1	43	107	40	\N	120	\N
80420	2025-12-22	2	93	4	40	\N	103	\N
80421	2025-12-22	1	45	285	41	\N	303	\N
80422	2025-12-22	2	22	65	41	\N	222	\N
80423	2025-12-22	3	22	65	41	\N	222	\N
80424	2025-12-22	4	45	249	41	\N	303	\N
80425	2025-12-22	5	45	286	41	\N	303	\N
80426	2025-12-22	1	93	304	1	\N	103	\N
87691	2025-12-25	1	26	59	36	\N	321	\N
51786	2025-12-12	3	24	21	138	\N	122	\N
51787	2025-12-12	4	48	123	138	\N	317	\N
51788	2025-12-12	3	49	60	37	\N	актовый зал	\N
51800	2025-12-12	1	227	349	39	\N	226 / 328	\N
51804	2025-12-12	2	9	103	40	\N	117	\N
51805	2025-12-12	3	15	13	40	\N	321	\N
51806	2025-12-12	1	46	108	41	\N	314	\N
51807	2025-12-12	2	46	108	41	\N	314	\N
51808	2025-12-12	3	46	108	41	\N	314	\N
51809	2025-12-12	4	228	351	41	\N	1 корпус	\N
51810	2025-12-12	1	2	1	1	\N	216	\N
51811	2025-12-12	2	2	1	1	\N	216	\N
51812	2025-12-12	3	59	109	1	\N	115	\N
51813	2025-12-12	4	24	21	1	\N	122	\N
51814	2025-12-12	1	41	4	42	\N	310	\N
51815	2025-12-12	2	60	68	42	\N	203	\N
51818	2025-12-12	1	60	68	43	\N	203	\N
55034	2025-12-13	1	92	125	4	\N	203	\N
55035	2025-12-13	2	92	125	4	\N	203	\N
55036	2025-12-13	1	45	126	59	\N	303	\N
55037	2025-12-13	2	45	127	59	\N	303	\N
55038	2025-12-13	3	45	122	59	\N	303	\N
55039	2025-12-13	1	215	301	34	\N	122	\N
55040	2025-12-13	2	215	301	34	\N	122	\N
55041	2025-12-13	1	93	4	46	\N	103	\N
69179	2025-12-18	5	27	7	35	\N	306	\N
69180	2025-12-18	1	26	59	36	\N	321	\N
65468	2025-12-17	1	73	4	46	\N	302	\N
65485	2025-12-17	1	67	370	51	\N	224	\N
65486	2025-12-17	2	82	21	51	\N	3.4ВЦ	\N
65487	2025-12-17	3	66	258	51	\N	222	\N
65488	2025-12-17	4	38	40	52	\N	204	\N
65489	2025-12-17	5	38	40	52	\N	204	\N
65490	2025-12-17	6	38	40	52	\N	204	\N
65491	2025-12-17	1	43	107	54	\N	120	\N
61378	2025-12-16	1	3	16	2	\N	3.2ВЦ	\N
61379	2025-12-16	2	35	34	2	\N	226 / 122	\N
61380	2025-12-16	3	84	43	2	\N	328	\N
61381	2025-12-16	2	14	3	3	\N	202	\N
61382	2025-12-16	3	27	35	3	\N	306	\N
61383	2025-12-16	4	5	4	3	\N	201	\N
61384	2025-12-16	5	6	2	3	\N	305	\N
61385	2025-12-16	2	43	44	4	\N	120	\N
51755	2025-12-12	3	67	348	139	\N	224	\N
51756	2025-12-12	4	67	348	139	\N	224	\N
51759	2025-12-12	3	81	60	29	\N	актовый зал	\N
51760	2025-12-12	4	81	60	29	\N	308	\N
51761	2025-12-12	2	14	3	31	\N	202	\N
51762	2025-12-12	3	20	13	31	\N	108	\N
51763	2025-12-12	1	15	13	32	\N	321	\N
51764	2025-12-12	2	3	5	32	\N	124	\N
51765	2025-12-12	3	4	2	32	\N	311	\N
51766	2025-12-12	4	15	13	32	\N	321	\N
51767	2025-12-12	1	76	245	136	\N	230	\N
51768	2025-12-12	2	76	245	136	\N	230	\N
51769	2025-12-12	3	76	245	136	\N	230	\N
51770	2025-12-12	5	52	56	33	\N	null	\N
51771	2025-12-12	6	40	38	33	\N	null	\N
51783	2025-12-12	4	54	58	36	\N	002	\N
51784	2025-12-12	1	199	302	138	\N	118	\N
51785	2025-12-12	2	199	302	138	\N	118	\N
61386	2025-12-16	3	9	194	4	\N	117	\N
65492	2025-12-17	2	57	68	54	\N	326	\N
87692	2025-12-25	2	26	59	36	\N	321	\N
76986	2025-12-20	3	6	2	6	\N	305	\N
76987	2025-12-20	1	93	64	19	\N	103	\N
82307	2025-12-23	2	15	13	4	\N	117	\N
87693	2025-12-25	3	26	59	36	\N	321	\N
69186	2025-12-18	3	199	302	138	\N	118	\N
69187	2025-12-18	4	199	302	138	\N	118	\N
69188	2025-12-18	2	83	243	37	\N	309	\N
69189	2025-12-18	3	83	243	37	\N	309	\N
61387	2025-12-16	4	9	8	4	\N	117	\N
61388	2025-12-16	5	9	7	4	\N	117	\N
61389	2025-12-16	1	203	360	141	\N	УП	\N
61390	2025-12-16	2	203	360	141	\N	УП	\N
61391	2025-12-16	3	203	252	141	\N	УП	\N
61392	2025-12-16	4	203	252	141	\N	УП	\N
61393	2025-12-16	1	7	5	6	\N	3.15ВЦ	\N
61394	2025-12-16	2	13	12	6	\N	3.7ВЦ / 3.4ВЦ	\N
61395	2025-12-16	3	6	2	6	\N	305	\N
61396	2025-12-16	1	5	4	7	\N	201	\N
61397	2025-12-16	2	5	4	7	\N	201	\N
61398	2025-12-16	1	75	278	8	\N	206	\N
69190	2025-12-18	1	55	3	57	\N	124	\N
69191	2025-12-18	2	64	16	57	\N	3.5ВЦ	\N
69192	2025-12-18	3	27	35	57	\N	306	\N
69197	2025-12-18	4	79	2	39	\N	  32ац	\N
69198	2025-12-18	5	79	2	39	\N	  32ац	\N
69199	2025-12-18	1	43	107	40	\N	120	\N
69200	2025-12-18	2	43	107	40	\N	120	\N
69201	2025-12-18	3	38	27	40	\N	204	\N
87694	2025-12-25	4	26	59	36	\N	321	\N
80392	2025-12-22	3	6	2	7	\N	305	\N
80393	2025-12-22	4	16	12	7	\N	3.14ВЦ / 3.21ВЦ	\N
80394	2025-12-22	5	12	11	7	\N	3.9ВЦ	\N
80395	2025-12-22	1	64	5	57	\N	3.5ВЦ	\N
80396	2025-12-22	2	64	5	57	\N	3.5ВЦ	\N
80397	2025-12-22	1	75	278	8	\N	206	\N
80398	2025-12-22	2	75	278	8	\N	206	\N
80399	2025-12-22	3	75	278	8	\N	206	\N
80400	2025-12-22	4	75	386	8	\N	206	\N
87695	2025-12-25	1	31	316	138	\N	010	\N
87696	2025-12-25	2	31	316	138	\N	010	\N
87697	2025-12-25	3	24	21	138	\N	3.14ВЦ	\N
87698	2025-12-25	4	24	21	138	\N	3.14ВЦ	\N
87699	2025-12-25	1	6	2	7	\N	305	\N
87700	2025-12-25	2	12	11	7	\N	null	\N
87701	2025-12-25	3	12	11	7	\N	null	\N
87702	2025-12-25	1	4	2	57	\N	3.8ВЦ	\N
87703	2025-12-25	2	64	16	57	\N	3.5ВЦ	\N
87704	2025-12-25	3	64	16	57	\N	3.5ВЦ	\N
72344	2025-12-19	1	28	353	16	\N	220	\N
72345	2025-12-19	2	28	353	16	\N	220	\N
72346	2025-12-19	3	28	353	16	\N	220	\N
72347	2025-12-19	4	28	353	16	\N	220	\N
72349	2025-12-19	2	31	354	137	\N	010	\N
87705	2025-12-25	4	4	36	57	\N	3.8ВЦ	\N
65391	2025-12-17	4	12	11	24	\N	3.9ВЦ	\N
65392	2025-12-17	4	67	313	26	\N	224	\N
65393	2025-12-17	5	67	313	26	\N	224	\N
51819	2025-12-12	2	61	13	43	\N	307	\N
51820	2025-12-12	3	61	13	43	\N	307	\N
51821	2025-12-12	4	61	13	43	\N	307	\N
51822	2025-12-12	1	82	53	45	\N	204	\N
51823	2025-12-12	2	93	64	45	\N	103	\N
51824	2025-12-12	3	93	64	45	\N	103	\N
51825	2025-12-12	4	60	68	45	\N	203	\N
51826	2025-12-12	3	27	35	46	\N	306	\N
51827	2025-12-12	4	4	2	46	\N	311	\N
65394	2025-12-17	6	67	313	26	\N	224	\N
65395	2025-12-17	3	45	241	27	\N	303	\N
65396	2025-12-17	4	46	48	27	\N	314	\N
87706	2025-12-25	1	17	357	8	\N	222	\N
87707	2025-12-25	1	12	11	9	\N	3.9ВЦ	\N
87708	2025-12-25	2	12	11	9	\N	3.9ВЦ	\N
87709	2025-12-25	3	261	12	9	\N	3.7 ВЦ/3.4ВЦ	\N
72339	2025-12-19	7	249	21	13	\N	null	\N
72340	2025-12-19	1	244	96	14	\N	null	\N
72341	2025-12-19	2	245	21	14	\N	3.7ВЦ	\N
72342	2025-12-19	3	245	21	14	\N	3.7ВЦ	\N
51828	2025-12-12	5	93	4	46	\N	103	\N
51829	2025-12-12	4	63	320	47	\N	217	\N
51830	2025-12-12	5	63	320	47	\N	217	\N
51831	2025-12-12	6	63	320	47	\N	217	\N
51832	2025-12-12	2	42	4	48	\N	актовый зал	\N
51833	2025-12-12	3	42	4	48	\N	104	\N
51834	2025-12-12	4	29	27	48	\N	Читальный зал	\N
51835	2025-12-12	5	84	43	48	\N	328	\N
51836	2025-12-12	1	200	295	49	\N	317 / 317	\N
51837	2025-12-12	2	16	116	49	\N	122 / 213	\N
51838	2025-12-12	3	17	117	49	\N	222	\N
51839	2025-12-12	4	93	76	49	\N	103	\N
51840	2025-12-12	2	47	118	50	\N	010	\N
51841	2025-12-12	3	47	118	50	\N	010	\N
51842	2025-12-12	1	67	81	51	\N	224	\N
51843	2025-12-12	2	67	81	51	\N	224	\N
51844	2025-12-12	3	53	38	51	\N	1 корпус	\N
55042	2025-12-13	2	93	4	46	\N	103	\N
55043	2025-12-13	3	93	4	46	\N	103	\N
55044	2025-12-13	1	63	320	47	\N	217	\N
55045	2025-12-13	2	63	320	47	\N	217	\N
55046	2025-12-13	3	63	320	47	\N	217	\N
55047	2025-12-13	4	63	320	47	\N	217	\N
55048	2025-12-13	3	6	2	7	\N	305	\N
55049	2025-12-13	4	6	2	7	\N	305	\N
72343	2025-12-19	4	245	21	14	\N	3.7ВЦ	\N
87710	2025-12-25	4	261	12	9	\N	3.7 ВЦ / 3.4ВЦ	\N
87711	2025-12-25	4	64	16	38	\N	3.5ВЦ	\N
58233	2025-12-15	3	75	17	11	\N	206	\N
58234	2025-12-15	4	75	17	11	\N	206	\N
58235	2025-12-15	4	23	88	13	\N	null	\N
58236	2025-12-15	5	23	88	13	\N	null	\N
58237	2025-12-15	6	23	128	13	\N	null	\N
58238	2025-12-15	7	93	131	13	\N	null	\N
58239	2025-12-15	2	63	237	14	\N	217	\N
58240	2025-12-15	3	63	237	14	\N	217	\N
58241	2025-12-15	1	33	310	15	\N	324	\N
58242	2025-12-15	2	33	310	15	\N	324	\N
58243	2025-12-15	3	33	310	15	\N	324	\N
58244	2025-12-15	4	33	310	15	\N	324	\N
58245	2025-12-15	1	28	353	16	\N	220	\N
58246	2025-12-15	2	28	353	16	\N	220	\N
58247	2025-12-15	3	28	353	16	\N	220	\N
58248	2025-12-15	4	28	353	16	\N	220	\N
87712	2025-12-25	5	64	16	38	\N	3.5ВЦ	\N
87713	2025-12-25	6	64	5	38	\N	3.5ВЦ	\N
65397	2025-12-17	5	46	48	27	\N	314	\N
51789	2025-12-12	4	49	60	37	\N	015	\N
51790	2025-12-12	5	49	60	37	\N	015	\N
51791	2025-12-12	6	49	60	37	\N	015	\N
65398	2025-12-17	6	45	46	27	\N	303	\N
65399	2025-12-17	1	5	4	28	\N	201	\N
65400	2025-12-17	2	29	27	28	\N	Читальный зал	\N
65401	2025-12-17	3	84	43	28	\N	328	\N
65402	2025-12-17	4	84	43	28	\N	328	\N
65403	2025-12-17	1	82	21	139	\N	3.4ВЦ	\N
65404	2025-12-17	2	67	348	139	\N	224	\N
65405	2025-12-17	3	67	348	139	\N	224	\N
87743	2025-12-25	7	6	2	48	\N	305	\N
87744	2025-12-25	3	43	415	22	\N	120	\N
87745	2025-12-25	1	65	75	49	\N	326 / 213	\N
87746	2025-12-25	1	39	41	23	\N	215	\N
51792	2025-12-12	1	83	4	57	\N	309	\N
51793	2025-12-12	2	83	4	57	\N	309	\N
51794	2025-12-12	3	51	15	57	\N	1 корпус	\N
51795	2025-12-12	4	84	43	57	\N	328	\N
51796	2025-12-12	1	49	61	38	\N	015	\N
51797	2025-12-12	2	49	61	38	\N	015	\N
51798	2025-12-12	3	29	27	38	\N	Читальный зал	\N
51799	2025-12-12	4	83	4	38	\N	309	\N
87747	2025-12-25	2	39	42	23	\N	215	\N
87748	2025-12-25	3	39	42	23	\N	215	\N
87749	2025-12-25	2	33	6	24	\N	324	\N
87750	2025-12-25	3	33	6	24	\N	324	\N
87751	2025-12-25	4	14	3	24	\N	202	\N
87752	2025-12-25	3	262	416	25	\N	104 / 317	\N
87753	2025-12-25	1	263	417	50	\N	104 / 120	\N
87754	2025-12-25	2	42	78	50	\N	104	\N
87774	2025-12-25	7	40	38	33	\N	null	\N
72366	2025-12-19	1	34	12	24	\N	3.4ВЦ / 3.21ВЦ	\N
72367	2025-12-19	2	34	12	24	\N	3.4ВЦ / 3.21ВЦ	\N
72368	2025-12-19	3	33	43	24	\N	324	\N
72369	2025-12-19	4	64	5	24	\N	3.5ВЦ	\N
72370	2025-12-19	1	67	313	26	\N	224	\N
72371	2025-12-19	2	67	313	26	\N	224	\N
72372	2025-12-19	3	67	313	26	\N	224	\N
72373	2025-12-19	4	67	313	26	\N	224	\N
72374	2025-12-19	1	46	48	27	\N	314	\N
72375	2025-12-19	2	11	262	27	\N	308	\N
72376	2025-12-19	3	11	262	27	\N	308	\N
58361	2025-12-15	4	38	40	52	\N	204	\N
58362	2025-12-15	5	38	40	52	\N	204	\N
58363	2025-12-15	6	38	40	52	\N	204	\N
58364	2025-12-15	1	45	85	54	\N	303	\N
58365	2025-12-15	2	82	53	54	\N	3.4ВЦ	\N
58366	2025-12-15	3	43	107	54	\N	120	\N
58367	2025-12-15	4	45	126	55	\N	303	\N
58371	2025-12-15	3	84	235	58	\N	328	\N
72377	2025-12-19	1	3	5	28	\N	3.2ВЦ	\N
72378	2025-12-19	2	4	2	28	\N	3.8ВЦ	\N
72429	2025-12-19	1	61	13	43	\N	307	\N
72430	2025-12-19	2	61	13	43	\N	307	\N
72431	2025-12-19	3	61	13	43	\N	307	\N
72432	2025-12-19	1	62	70	140	\N	117	\N
72433	2025-12-19	2	62	369	140	\N	117	\N
72434	2025-12-19	3	62	369	140	\N	117	\N
86314	2025-12-24	2	27	7	11	\N	308	\N
65330	2025-12-17	1	3	343	2	\N	3.2ВЦ	\N
65331	2025-12-17	1	38	51	3	\N	204	\N
65332	2025-12-17	2	5	4	3	\N	201	\N
65333	2025-12-17	3	71	53	3	\N	208	\N
65334	2025-12-17	4	71	53	3	\N	208	\N
65335	2025-12-17	2	43	277	4	\N	120	\N
65336	2025-12-17	3	15	13	4	\N	118	\N
65337	2025-12-17	4	15	13	4	\N	118	\N
65338	2025-12-17	5	43	276	4	\N	120	\N
65339	2025-12-17	1	203	360	141	\N	УП	\N
65340	2025-12-17	2	203	360	141	\N	УП	\N
65341	2025-12-17	3	203	252	141	\N	УП	\N
65342	2025-12-17	4	203	252	141	\N	УП	\N
65343	2025-12-17	1	6	2	6	\N	305	\N
65493	2025-12-17	2	40	38	55	\N	1 корпус	\N
72435	2025-12-19	1	38	379	59	\N	204	\N
72436	2025-12-19	2	45	127	59	\N	303	\N
72437	2025-12-19	3	38	380	59	\N	204	\N
72438	2025-12-19	3	85	69	45	\N	303	\N
72439	2025-12-19	4	85	69	45	\N	303	\N
72440	2025-12-19	1	14	3	46	\N	202	\N
61496	2025-12-16	4	41	357	39	\N	310	\N
61497	2025-12-16	1	43	107	40	\N	120	\N
61498	2025-12-16	2	15	13	40	\N	203	\N
61499	2025-12-16	3	43	107	40	\N	120	\N
61500	2025-12-16	1	45	285	41	\N	303	\N
61501	2025-12-16	2	46	108	41	\N	314	\N
61502	2025-12-16	3	236	363	41	\N	314 / 314	\N
61503	2025-12-16	4	13	31	41	\N	3.7ВЦ / 3.4ВЦ	\N
61504	2025-12-16	5	45	286	41	\N	303	\N
61508	2025-12-16	5	59	67	1	\N	115	\N
61509	2025-12-16	1	47	364	42	\N	230	\N
61510	2025-12-16	2	6	2	43	\N	305	\N
61511	2025-12-16	3	93	4	43	\N	103	\N
61853	2025-12-16	4	93	4	43	\N	103	\N
61512	2025-12-16	1	62	365	140	\N	106	\N
61513	2025-12-16	2	62	365	140	\N	106	\N
61514	2025-12-16	3	62	366	140	\N	106	\N
61515	2025-12-16	4	62	366	140	\N	106	\N
61516	2025-12-16	1	27	7	59	\N	308	\N
61517	2025-12-16	2	27	7	59	\N	308	\N
61518	2025-12-16	3	45	126	59	\N	303	\N
61519	2025-12-16	4	45	122	59	\N	303	\N
61520	2025-12-16	1	4	73	45	\N	3.8ВЦ	\N
61521	2025-12-16	2	40	38	45	\N	null	\N
61522	2025-12-16	3	3	5	46	\N	3.2ВЦ	\N
61523	2025-12-16	4	238	4	46	\N	302	\N
61524	2025-12-16	5	238	4	46	\N	302	\N
61525	2025-12-16	4	63	320	47	\N	217	\N
61526	2025-12-16	5	63	320	47	\N	217	\N
61527	2025-12-16	6	63	320	47	\N	217	\N
61528	2025-12-16	2	55	3	48	\N	124	\N
61529	2025-12-16	3	29	177	48	\N	чит.зал	\N
61530	2025-12-16	4	42	4	48	\N	104	\N
61531	2025-12-16	5	84	43	48	\N	328	\N
61532	2025-12-16	3	48	136	49	\N	317	\N
65472	2025-12-17	1	63	320	47	\N	217	\N
65473	2025-12-17	2	63	320	47	\N	217	\N
65474	2025-12-17	3	63	320	47	\N	217	\N
65475	2025-12-17	4	63	320	47	\N	217	\N
65479	2025-12-17	3	57	340	49	\N	326	\N
65480	2025-12-17	4	57	340	49	\N	326	\N
65481	2025-12-17	5	57	333	49	\N	326	\N
69082	2025-12-18	3	5	3	2	\N	201	\N
72457	2025-12-19	6	43	107	54	\N	120	\N
72458	2025-12-19	1	251	2	58	\N	308	\N
72459	2025-12-19	2	251	36	58	\N	308	\N
86368	2025-12-24	4	39	41	23	\N	215	\N
86369	2025-12-24	5	208	21	23	\N	3.21ВЦ	\N
86370	2025-12-24	2	34	12	24	\N	3.4ВЦ / 3.21ВЦ	\N
86371	2025-12-24	3	34	12	24	\N	3.4ВЦ / 3.21ВЦ	\N
65469	2025-12-17	2	73	4	46	\N	302	\N
65470	2025-12-17	3	13	12	46	\N	3.7ВЦ / 3.4ВЦ	\N
86372	2025-12-24	4	34	12	24	\N	3.4ВЦ / 3.21ВЦ	\N
86373	2025-12-24	5	12	11	24	\N	3.9ВЦ	\N
86374	2025-12-24	1	42	4	50	\N	104	\N
86375	2025-12-24	2	42	4	50	\N	104	\N
86376	2025-12-24	3	55	406	50	\N	124	\N
58278	2025-12-15	4	61	104	27	\N	307	\N
58279	2025-12-15	1	3	343	28	\N	3.2ВЦ	\N
58280	2025-12-15	2	54	265	139	\N	002	\N
58281	2025-12-15	3	54	265	139	\N	002	\N
58282	2025-12-15	4	57	58	139	\N	326	\N
58283	2025-12-15	5	57	58	139	\N	326	\N
58284	2025-12-15	2	9	7	29	\N	117	\N
58285	2025-12-15	3	56	15	29	\N	1 корпус	\N
58286	2025-12-15	4	47	356	29	\N	208	\N
58287	2025-12-15	1	42	357	31	\N	104	\N
58288	2025-12-15	2	14	3	32	\N	202	\N
58289	2025-12-15	3	29	27	32	\N	Читальный зал	\N
58290	2025-12-15	4	42	4	32	\N	104	\N
58291	2025-12-15	1	76	367	136	\N	230	\N
58292	2025-12-15	2	76	367	136	\N	230	\N
58293	2025-12-15	3	76	367	136	\N	230	\N
58294	2025-12-15	4	52	56	33	\N	null	\N
58295	2025-12-15	5	52	56	33	\N	null	\N
58296	2025-12-15	6	52	55	33	\N	null	\N
58297	2025-12-15	7	52	55	33	\N	null	\N
58298	2025-12-15	1	63	54	34	\N	217	\N
58299	2025-12-15	2	12	11	34	\N	3.9ВЦ	\N
58300	2025-12-15	2	10	332	35	\N	304	\N
58301	2025-12-15	1	54	58	36	\N	002	\N
58302	2025-12-15	2	19	265	36	\N	006	\N
58303	2025-12-15	3	26	59	36	\N	321	\N
58304	2025-12-15	4	26	59	36	\N	321	\N
58335	2025-12-15	2	40	38	140	\N	1 корпус	\N
58336	2025-12-15	3	11	262	140	\N	308	\N
58337	2025-12-15	4	234	230	140	\N	207	\N
58338	2025-12-15	4	93	64	45	\N	103	\N
58339	2025-12-15	5	93	64	45	\N	103	\N
58340	2025-12-15	1	12	11	46	\N	3.9ВЦ	\N
58341	2025-12-15	2	4	2	46	\N	3.8ВЦ	\N
58342	2025-12-15	3	4	2	46	\N	3.8ВЦ	\N
58343	2025-12-15	4	3	5	46	\N	3.2ВЦ	\N
58344	2025-12-15	4	63	320	47	\N	217	\N
58345	2025-12-15	5	63	320	47	\N	217	\N
58346	2025-12-15	6	63	320	47	\N	217	\N
58347	2025-12-15	1	64	5	48	\N	3.5ВЦ	\N
58348	2025-12-15	2	64	5	48	\N	3.5ВЦ	\N
58349	2025-12-15	3	55	3	48	\N	124	\N
58350	2025-12-15	1	57	333	49	\N	326	\N
58351	2025-12-15	2	57	340	49	\N	326	\N
58352	2025-12-15	3	93	76	49	\N	103	\N
58353	2025-12-15	1	47	118	50	\N	208	\N
58354	2025-12-15	2	47	118	50	\N	208	\N
58355	2025-12-15	3	57	333	50	\N	326	\N
58356	2025-12-15	1	67	81	51	\N	224	\N
58357	2025-12-15	2	67	81	51	\N	224	\N
58358	2025-12-15	3	82	21	51	\N	3.4ВЦ	\N
58359	2025-12-15	4	53	38	51	\N	1 корпус	\N
86377	2025-12-24	2	46	48	27	\N	314	\N
86378	2025-12-24	3	46	48	27	\N	314	\N
69231	2025-12-18	4	29	27	48	\N	Читальный зал	\N
69232	2025-12-18	5	64	5	48	\N	3.5ВЦ	\N
86379	2025-12-24	4	11	262	27	\N	308	\N
86380	2025-12-24	5	61	104	27	\N	307	\N
86381	2025-12-24	2	5	4	28	\N	201	\N
86382	2025-12-24	3	3	5	28	\N	3.2ВЦ	\N
86383	2025-12-24	4	84	43	28	\N	328	\N
86384	2025-12-24	5	5	4	28	\N	201	\N
61468	2025-12-16	2	4	2	32	\N	3.8ВЦ	\N
61469	2025-12-16	3	14	3	32	\N	202	\N
61470	2025-12-16	4	12	11	32	\N	3.9ВЦ	\N
61471	2025-12-16	5	52	55	33	\N	null	\N
61472	2025-12-16	6	52	55	33	\N	null	\N
61473	2025-12-16	7	52	55	33	\N	null	\N
61474	2025-12-16	1	41	4	34	\N	310	\N
61475	2025-12-16	2	3	16	34	\N	3.2ВЦ	\N
61476	2025-12-16	3	50	35	34	\N	115	\N
61477	2025-12-16	4	3	5	34	\N	3.2ВЦ	\N
61478	2025-12-16	1	83	64	35	\N	309	\N
61479	2025-12-16	2	83	64	35	\N	309	\N
61480	2025-12-16	2	8	284	36	\N	311	\N
61481	2025-12-16	3	19	265	36	\N	006	\N
61482	2025-12-16	4	8	284	36	\N	311	\N
61483	2025-12-16	5	40	38	36	\N	1 корпус	\N
61484	2025-12-16	1	31	327	138	\N	010	\N
61485	2025-12-16	2	31	316	138	\N	010	\N
61486	2025-12-16	3	199	302	138	\N	118	\N
61487	2025-12-16	4	199	302	138	\N	118	\N
61488	2025-12-16	1	40	314	37	\N	1 корпус	\N
61489	2025-12-16	2	10	9	37	\N	304	\N
61490	2025-12-16	3	53	242	37	\N	1 корпус	\N
61491	2025-12-16	1	64	16	57	\N	3.5ВЦ	\N
61492	2025-12-16	2	64	5	57	\N	3.5ВЦ	\N
61493	2025-12-16	3	55	3	57	\N	124	\N
61494	2025-12-16	4	80	89	57	\N	328 / 122	\N
61495	2025-12-16	3	83	357	38	\N	309	\N
61533	2025-12-16	4	48	136	49	\N	317	\N
61534	2025-12-16	1	55	3	50	\N	124	\N
61535	2025-12-16	2	57	340	50	\N	326	\N
61536	2025-12-16	3	57	340	50	\N	326	\N
61537	2025-12-16	4	57	333	50	\N	326	\N
61538	2025-12-16	2	66	79	51	\N	307	\N
61539	2025-12-16	3	66	79	51	\N	307	\N
61540	2025-12-16	4	67	81	51	\N	224	\N
61541	2025-12-16	5	67	81	51	\N	224	\N
61542	2025-12-16	1	38	40	52	\N	204	\N
61543	2025-12-16	2	38	40	52	\N	204	\N
61544	2025-12-16	1	57	68	54	\N	326	\N
61545	2025-12-16	2	45	85	54	\N	303	\N
61546	2025-12-16	3	4	73	54	\N	3.8ВЦ	\N
61547	2025-12-16	4	43	107	54	\N	120	\N
61548	2025-12-16	1	84	43	58	\N	328	\N
61549	2025-12-16	2	84	43	58	\N	328	\N
61550	2025-12-16	3	64	16	58	\N	3.5ВЦ	\N
61551	2025-12-16	4	55	3	58	\N	124	\N
72417	2025-12-19	3	252	2	39	\N	3,8 ВЦ	\N
72418	2025-12-19	4	252	2	39	\N	3,8 ВЦ	\N
72419	2025-12-19	5	64	5	39	\N	3.5ВЦ	\N
72420	2025-12-19	2	15	13	40	\N	312	\N
72421	2025-12-19	3	15	13	40	\N	312	\N
72422	2025-12-19	4	93	4	40	\N	103	\N
72423	2025-12-19	5	43	107	40	\N	120	\N
72424	2025-12-19	2	46	378	41	\N	314	\N
80410	2025-12-22	4	29	27	39	\N	Читальный зал	\N
80411	2025-12-22	5	29	27	39	\N	Читальный зал	\N
80413	2025-12-22	2	73	4	10	\N	302	\N
80464	2025-12-22	1	46	48	27	\N	314	\N
80465	2025-12-22	2	46	48	27	\N	314	\N
80466	2025-12-22	3	11	262	27	\N	308	\N
80467	2025-12-22	4	11	262	27	\N	308	\N
80468	2025-12-22	1	254	389	28	\N	 / 328	\N
80469	2025-12-22	2	12	11	28	\N	3.9ВЦ	\N
80470	2025-12-22	3	50	35	28	\N	115	\N
80471	2025-12-22	4	5	4	28	\N	201	\N
80472	2025-12-22	2	43	107	54	\N	120	\N
72348	2025-12-19	1	31	354	137	\N	010	\N
72361	2025-12-19	7	12	11	20	\N	null	\N
72362	2025-12-19	1	43	307	22	\N	120	\N
72363	2025-12-19	2	38	40	22	\N	204	\N
72364	2025-12-19	1	39	42	23	\N	215	\N
72365	2025-12-19	2	39	102	23	\N	215	\N
72415	2025-12-19	2	84	43	38	\N	328	\N
72416	2025-12-19	2	35	34	39	\N	226 / 122	\N
80473	2025-12-22	3	43	107	54	\N	120	\N
80474	2025-12-22	1	54	390	139	\N	002	\N
80475	2025-12-22	2	54	390	139	\N	002	\N
80476	2025-12-22	3	54	390	139	\N	002	\N
80477	2025-12-22	4	54	390	139	\N	002	\N
80478	2025-12-22	1	20	13	31	\N	108	\N
80479	2025-12-22	2	20	13	31	\N	108	\N
80480	2025-12-22	3	13	12	31	\N	3.4ВЦ / 3.4ВЦ	\N
80481	2025-12-22	4	13	12	31	\N	3.4ВЦ / 3.4ВЦ	\N
80482	2025-12-22	1	42	4	32	\N	104	\N
80483	2025-12-22	2	42	4	32	\N	104	\N
86395	2025-12-24	1	64	16	58	\N	3.5ВЦ	\N
69155	2025-12-18	2	11	262	27	\N	308	\N
69157	2025-12-18	4	45	46	27	\N	303	\N
69158	2025-12-18	5	45	47	27	\N	303	\N
69159	2025-12-18	1	5	3	28	\N	201	\N
69160	2025-12-18	2	4	2	28	\N	3.8ВЦ	\N
69161	2025-12-18	3	18	61	28	\N	208	\N
69162	2025-12-18	4	18	61	28	\N	208	\N
69163	2025-12-18	1	54	374	139	\N	002	\N
69164	2025-12-18	2	54	374	139	\N	002	\N
69165	2025-12-18	3	48	123	139	\N	317	\N
69166	2025-12-18	4	48	123	139	\N	317	\N
69167	2025-12-18	2	10	332	29	\N	304	\N
69168	2025-12-18	1	12	11	31	\N	3.9ВЦ	\N
65443	2025-12-17	1	93	4	40	\N	103	\N
65444	2025-12-17	2	93	4	40	\N	103	\N
65463	2025-12-17	4	62	369	140	\N	117	\N
65464	2025-12-17	2	33	30	45	\N	324	\N
65465	2025-12-17	3	40	38	45	\N	1 корпус	\N
65466	2025-12-17	4	93	64	45	\N	103	\N
65467	2025-12-17	5	93	64	45	\N	103	\N
65482	2025-12-17	1	47	118	50	\N	118	\N
65483	2025-12-17	2	47	118	50	\N	118	\N
65484	2025-12-17	3	43	77	50	\N	120	\N
69169	2025-12-18	2	6	2	31	\N	305	\N
69170	2025-12-18	3	20	13	31	\N	108	\N
72350	2025-12-19	3	31	354	137	\N	010	\N
72351	2025-12-19	1	73	4	17	\N	302	\N
72352	2025-12-19	2	27	35	17	\N	306	\N
72353	2025-12-19	3	34	12	17	\N	3.4ВЦ / 3.21ВЦ	\N
72354	2025-12-19	4	12	11	17	\N	null	\N
72355	2025-12-19	3	93	64	19	\N	103	\N
72356	2025-12-19	4	60	68	19	\N	203	\N
72357	2025-12-19	5	60	68	19	\N	203	\N
72358	2025-12-19	4	6	2	20	\N	null	\N
72359	2025-12-19	5	14	3	20	\N	null	\N
72360	2025-12-19	6	14	3	20	\N	null	\N
61399	2025-12-16	2	72	38	8	\N	1 корпус	\N
61401	2025-12-16	2	19	235	9	\N	006	\N
61402	2025-12-16	3	13	12	9	\N	3.7ВЦ / 3.4ВЦ	\N
61403	2025-12-16	4	14	3	9	\N	202	\N
61404	2025-12-16	5	12	11	9	\N	3.9ВЦ	\N
61405	2025-12-16	1	237	4	10	\N	302	\N
61406	2025-12-16	2	237	4	10	\N	302	\N
61407	2025-12-16	3	12	11	10	\N	3.9ВЦ	\N
61408	2025-12-16	4	6	2	10	\N	305	\N
61410	2025-12-16	3	75	255	11	\N	206	\N
61411	2025-12-16	4	75	17	11	\N	206	\N
61412	2025-12-16	5	23	20	13	\N	null	\N
61413	2025-12-16	6	23	20	13	\N	null	\N
61414	2025-12-16	7	23	88	13	\N	null	\N
61442	2025-12-16	2	39	261	23	\N	215	\N
61443	2025-12-16	3	39	261	23	\N	215	\N
61444	2025-12-16	4	39	261	23	\N	215	\N
61445	2025-12-16	1	37	38	24	\N	1 корпус	\N
61446	2025-12-16	2	41	4	24	\N	310	\N
61447	2025-12-16	3	41	4	24	\N	310	\N
61448	2025-12-16	1	67	313	26	\N	224	\N
61449	2025-12-16	2	67	313	26	\N	224	\N
61450	2025-12-16	3	67	313	26	\N	224	\N
61451	2025-12-16	1	46	48	27	\N	310	\N
61452	2025-12-16	2	208	53	27	\N	3.7ВЦ	\N
61453	2025-12-16	3	208	53	27	\N	3.7ВЦ	\N
61454	2025-12-16	1	29	51	28	\N	226	\N
61455	2025-12-16	2	50	35	28	\N	115	\N
61456	2025-12-16	3	5	3	28	\N	201	\N
61457	2025-12-16	4	4	36	28	\N	3.8ВЦ	\N
61458	2025-12-16	2	48	123	139	\N	317	\N
61459	2025-12-16	3	40	38	139	\N	null	\N
61460	2025-12-16	4	54	265	139	\N	002	\N
61461	2025-12-16	5	54	265	139	\N	002	\N
61462	2025-12-16	3	10	9	29	\N	304	\N
61463	2025-12-16	4	56	15	29	\N	1 корпус	\N
61464	2025-12-16	1	6	2	31	\N	305	\N
61465	2025-12-16	2	12	11	31	\N	3.9ВЦ	\N
61466	2025-12-16	3	8	43	31	\N	311	\N
61467	2025-12-16	1	42	4	32	\N	104	\N
72329	2025-12-19	4	19	6	9	\N	006	\N
72330	2025-12-19	2	73	4	10	\N	302	\N
65494	2025-12-17	3	27	7	55	\N	306	\N
87597	2025-12-26	4	40	38	36	\N	null	\N
87598	2025-12-26	3	17	303	138	\N	222	\N
87599	2025-12-26	4	17	303	138	\N	222	\N
87600	2025-12-26	5	40	38	138	\N	null	\N
87601	2025-12-26	3	4	36	57	\N	3.5ВЦ	\N
87602	2025-12-26	4	4	36	57	\N	3.5ВЦ	\N
87603	2025-12-26	5	4	36	57	\N	3.5ВЦ	\N
87604	2025-12-26	6	4	36	57	\N	3.5ВЦ	\N
87605	2025-12-26	4	48	380	8	\N	317	\N
87606	2025-12-26	4	12	11	9	\N	3.9ВЦ	\N
72331	2025-12-19	3	7	16	10	\N	3.15ВЦ	\N
82306	2025-12-23	1	15	13	4	\N	117	\N
82308	2025-12-23	1	67	385	141	\N	224	\N
82309	2025-12-23	2	67	385	141	\N	224	\N
82310	2025-12-23	3	67	385	141	\N	224	\N
82311	2025-12-23	4	48	123	141	\N	317	\N
83293	2025-12-23	4	257	4	34	\N	222	\N
83294	2025-12-23	5	210	3	34	\N	202	\N
83295	2025-12-23	6	258	11	34	\N	null	\N
82313	2025-12-23	2	8	235	6	\N	311	\N
82314	2025-12-23	3	8	43	6	\N	311	\N
82315	2025-12-23	4	6	2	6	\N	305	\N
82316	2025-12-23	5	6	2	6	\N	305	\N
82317	2025-12-23	5	4	73	35	\N	3.8ВЦ	\N
82318	2025-12-23	6	4	246	35	\N	3.8ВЦ	\N
82319	2025-12-23	2	54	58	36	\N	002	\N
82320	2025-12-23	3	19	265	36	\N	006	\N
82321	2025-12-23	4	8	284	36	\N	311	\N
87607	2025-12-26	5	20	13	9	\N	108	\N
87608	2025-12-26	1	64	343	38	\N	3.5ВЦ	\N
87609	2025-12-26	1	4	2	39	\N	3.8ВЦ	\N
87610	2025-12-26	2	4	2	39	\N	3.8ВЦ	\N
87611	2025-12-26	3	5	3	39	\N	202	\N
87612	2025-12-26	1	12	11	10	\N	3.9ВЦ	\N
72298	2025-12-19	1	4	2	2	\N	3.8ВЦ	\N
72299	2025-12-19	2	5	4	2	\N	201	\N
72300	2025-12-19	3	5	4	2	\N	201	\N
72301	2025-12-19	4	3	5	2	\N	3.2ВЦ	\N
72302	2025-12-19	1	86	301	3	\N	УП	\N
72303	2025-12-19	2	86	301	3	\N	УП	\N
72304	2025-12-19	3	210	3	3	\N	202	\N
72305	2025-12-19	4	27	35	3	\N	306	\N
72306	2025-12-19	3	43	44	4	\N	120	\N
72307	2025-12-19	4	15	13	4	\N	312	\N
72308	2025-12-19	5	15	13	4	\N	312	\N
72309	2025-12-19	2	203	360	141	\N	009	\N
72310	2025-12-19	3	203	252	141	\N	009	\N
72311	2025-12-19	4	208	21	141	\N	3.21ВЦ	\N
72312	2025-12-19	5	208	21	141	\N	3.21ВЦ	\N
72313	2025-12-19	1	6	2	6	\N	305	\N
72314	2025-12-19	2	20	13	6	\N	108	\N
72315	2025-12-19	3	8	43	6	\N	311	\N
72316	2025-12-19	4	73	4	6	\N	302	\N
72317	2025-12-19	1	20	235	7	\N	307	\N
72318	2025-12-19	2	6	2	7	\N	305	\N
72319	2025-12-19	3	86	27	7	\N	УП	\N
72320	2025-12-19	4	20	43	7	\N	307	\N
72321	2025-12-19	5	20	6	7	\N	307	\N
72322	2025-12-19	2	75	278	8	\N	206	\N
72323	2025-12-19	3	72	38	8	\N	1 корпус	\N
72324	2025-12-19	4	72	38	8	\N	1 корпус	\N
72325	2025-12-19	5	72	376	8	\N	1 корпус	\N
72326	2025-12-19	1	7	5	9	\N	3.15ВЦ	\N
72327	2025-12-19	2	7	5	9	\N	3.15ВЦ	\N
72328	2025-12-19	3	73	4	9	\N	302	\N
80401	2025-12-22	1	73	4	9	\N	302	\N
80402	2025-12-22	2	6	2	9	\N	305	\N
80403	2025-12-22	3	12	11	9	\N	3.9ВЦ	\N
80404	2025-12-22	4	14	3	9	\N	202	\N
80405	2025-12-22	1	4	36	38	\N	3.8ВЦ	\N
80406	2025-12-22	2	4	36	38	\N	3.8ВЦ	\N
80407	2025-12-22	3	55	3	38	\N	124	\N
80408	2025-12-22	2	84	43	39	\N	328	\N
80409	2025-12-22	3	227	349	39	\N	226 / 328	\N
80486	2025-12-22	2	35	34	58	\N	226 / 122	\N
72388	2025-12-19	4	8	235	31	\N	311	\N
72389	2025-12-19	5	8	235	31	\N	311	\N
72390	2025-12-19	1	15	13	32	\N	312	\N
72391	2025-12-19	2	3	5	32	\N	3.2ВЦ	\N
72392	2025-12-19	3	42	4	32	\N	104	\N
72393	2025-12-19	4	42	4	32	\N	104	\N
72394	2025-12-19	3	52	55	33	\N	null	\N
72395	2025-12-19	4	52	56	33	\N	null	\N
72396	2025-12-19	5	40	38	33	\N	null	\N
72397	2025-12-19	6	52	55	33	\N	null	\N
72398	2025-12-19	2	41	4	34	\N	310	\N
72399	2025-12-19	3	41	4	34	\N	310	\N
72400	2025-12-19	4	33	43	34	\N	324	\N
72401	2025-12-19	7	12	11	34	\N	null	\N
72402	2025-12-19	2	53	38	35	\N	1 корпус	\N
72403	2025-12-19	3	27	7	35	\N	306	\N
72404	2025-12-19	1	26	59	36	\N	321	\N
72405	2025-12-19	2	26	59	36	\N	321	\N
72406	2025-12-19	1	24	21	138	\N	3.14ВЦ	\N
72407	2025-12-19	2	246	382	138	\N	317	\N
72408	2025-12-19	3	246	382	138	\N	317	\N
72409	2025-12-19	4	31	327	138	\N	010	\N
72410	2025-12-19	1	84	235	57	\N	328	\N
72411	2025-12-19	2	64	16	57	\N	3.5ВЦ	\N
72412	2025-12-19	3	29	27	57	\N	Читальный зал	\N
72413	2025-12-19	4	84	6	57	\N	328	\N
72414	2025-12-19	1	64	16	38	\N	3.5ВЦ	\N
72426	2025-12-19	2	93	304	1	\N	103	\N
72427	2025-12-19	3	59	67	1	\N	115	\N
72428	2025-12-19	4	11	262	1	\N	308	\N
86789	2025-12-24	2	224	52	2	\N	122	\N
86270	2025-12-24	4	203	252	141	\N	118	\N
86271	2025-12-24	2	33	6	34	\N	324	\N
86272	2025-12-24	3	33	6	34	\N	324	\N
86273	2025-12-24	4	12	11	34	\N	3.9ВЦ	\N
69181	2025-12-18	2	26	59	36	\N	321	\N
69182	2025-12-18	3	54	58	36	\N	002	\N
69183	2025-12-18	4	54	58	36	\N	002	\N
69184	2025-12-18	1	31	327	138	\N	010	\N
69185	2025-12-18	2	31	316	138	\N	010	\N
69202	2025-12-18	3	41	64	41	\N	310	\N
69203	2025-12-18	4	22	65	41	\N	222	\N
69204	2025-12-18	5	22	65	41	\N	222	\N
69205	2025-12-18	1	242	38	1	\N	1 корпус	\N
69206	2025-12-18	2	59	375	1	\N	115	\N
69207	2025-12-18	3	24	21	1	\N	3.14ВЦ	\N
69208	2025-12-18	4	24	21	1	\N	3.14ВЦ	\N
69209	2025-12-18	2	41	4	42	\N	310	\N
69217	2025-12-18	1	62	365	140	\N	118	\N
69218	2025-12-18	2	62	366	140	\N	118	\N
69219	2025-12-18	3	11	262	140	\N	308	\N
69220	2025-12-18	1	33	30	45	\N	324	\N
72379	2025-12-19	3	84	43	28	\N	328	\N
72380	2025-12-19	1	54	374	139	\N	002	\N
72381	2025-12-19	2	54	374	139	\N	002	\N
72382	2025-12-19	3	54	374	139	\N	002	\N
72383	2025-12-19	4	54	374	139	\N	002	\N
72384	2025-12-19	1	81	377	29	\N	015	\N
72385	2025-12-19	1	8	6	31	\N	311	\N
72386	2025-12-19	2	8	6	31	\N	311	\N
72387	2025-12-19	3	20	13	31	\N	108	\N
86274	2025-12-24	5	14	3	34	\N	202	\N
86275	2025-12-24	2	20	13	6	\N	108	\N
86277	2025-12-24	4	8	6	6	\N	311	\N
86278	2025-12-24	3	38	57	35	\N	204	\N
86279	2025-12-24	4	38	57	35	\N	204	\N
86280	2025-12-24	5	38	57	35	\N	204	\N
86281	2025-12-24	6	38	57	35	\N	204	\N
86282	2025-12-24	1	8	284	36	\N	311	\N
86283	2025-12-24	2	8	284	36	\N	311	\N
86284	2025-12-24	3	19	265	36	\N	006	\N
86285	2025-12-24	4	19	265	36	\N	006	\N
86286	2025-12-24	2	24	21	138	\N	3.14ВЦ	\N
86287	2025-12-24	3	24	21	138	\N	3.14ВЦ	\N
86288	2025-12-24	4	31	316	138	\N	010	\N
86289	2025-12-24	5	31	316	138	\N	010	\N
86290	2025-12-24	5	17	401	37	\N	222	\N
86291	2025-12-24	3	20	43	7	\N	108	\N
86292	2025-12-24	4	20	43	7	\N	108	\N
69087	2025-12-18	2	9	7	4	\N	117	\N
69088	2025-12-18	3	9	194	4	\N	117	\N
69089	2025-12-18	4	9	194	4	\N	117	\N
69090	2025-12-18	1	203	252	141	\N	УП	\N
69091	2025-12-18	2	203	252	141	\N	УП	\N
69092	2025-12-18	3	203	252	141	\N	УП	\N
69093	2025-12-18	3	8	43	6	\N	311	\N
69094	2025-12-18	4	73	4	6	\N	302	\N
69095	2025-12-18	5	12	11	6	\N	3.9ВЦ	\N
69096	2025-12-18	1	16	12	7	\N	3.14ВЦ / 3.21ВЦ	\N
69097	2025-12-18	2	16	12	7	\N	3.14ВЦ / 3.21ВЦ	\N
69098	2025-12-18	3	12	11	7	\N	3.9ВЦ	\N
69099	2025-12-18	1	239	254	8	\N	317 / 204	\N
69100	2025-12-18	2	239	254	8	\N	317 / 204	\N
69101	2025-12-18	3	72	38	8	\N	1 корпус	\N
69102	2025-12-18	4	72	38	8	\N	1 корпус	\N
69103	2025-12-18	1	6	2	9	\N	305	\N
69104	2025-12-18	2	20	13	9	\N	108	\N
69105	2025-12-18	3	73	4	9	\N	302	\N
69106	2025-12-18	4	12	11	9	\N	3.9ВЦ	\N
69107	2025-12-18	1	7	5	10	\N	3.15ВЦ	\N
69108	2025-12-18	2	73	4	10	\N	302	\N
69109	2025-12-18	3	6	2	10	\N	305	\N
69110	2025-12-18	1	75	255	11	\N	206	\N
69111	2025-12-18	2	22	18	11	\N	222	\N
69112	2025-12-18	4	244	20	13	\N	null	\N
69113	2025-12-18	5	244	20	13	\N	null	\N
69114	2025-12-18	6	247	21	13	\N	null	\N
69115	2025-12-18	7	247	21	13	\N	null	\N
69116	2025-12-18	1	244	96	14	\N	null	\N
69117	2025-12-18	2	244	96	14	\N	null	\N
69118	2025-12-18	3	247	21	14	\N	3.7ВЦ	\N
69119	2025-12-18	4	33	310	15	\N	324	\N
69120	2025-12-18	5	33	310	15	\N	324	\N
69223	2025-12-18	4	93	64	45	\N	103	\N
69224	2025-12-18	1	73	4	46	\N	302	\N
69225	2025-12-18	2	14	3	46	\N	202	\N
80429	2025-12-22	4	256	4	42	\N	106	\N
80430	2025-12-22	4	61	13	43	\N	307	\N
80431	2025-12-22	5	33	280	43	\N	324	\N
80432	2025-12-22	3	40	38	140	\N	null	\N
80433	2025-12-22	4	234	230	140	\N	207	\N
80434	2025-12-22	5	253	388	140	\N	null	\N
80435	2025-12-22	6	253	388	140	\N	null	\N
80436	2025-12-22	1	82	53	45	\N	3.4ВЦ	\N
80437	2025-12-22	2	85	69	45	\N	303	\N
80438	2025-12-22	3	85	69	45	\N	303	\N
80439	2025-12-22	3	73	4	17	\N	302	\N
80440	2025-12-22	4	6	2	17	\N	305	\N
80441	2025-12-22	5	6	2	17	\N	305	\N
80442	2025-12-22	2	13	12	46	\N	3.4ВЦ / 3.4ВЦ	\N
80443	2025-12-22	3	3	5	46	\N	3.2ВЦ	\N
80444	2025-12-22	3	93	64	19	\N	103	\N
80445	2025-12-22	4	93	64	19	\N	103	\N
80446	2025-12-22	5	93	64	19	\N	103	\N
80447	2025-12-22	3	42	357	20	\N	104	\N
80448	2025-12-22	4	84	43	48	\N	328	\N
80449	2025-12-22	5	84	43	48	\N	328	\N
80450	2025-12-22	4	38	362	22	\N	204	\N
80451	2025-12-22	5	38	362	22	\N	204	\N
80452	2025-12-22	6	38	362	22	\N	204	\N
80453	2025-12-22	1	16	229	49	\N	3.14ВЦ / 3.21ВЦ	\N
80454	2025-12-22	2	48	136	49	\N	317	\N
80455	2025-12-22	3	48	136	49	\N	317	\N
80456	2025-12-22	4	48	136	49	\N	317	\N
80457	2025-12-22	3	59	109	23	\N	208	\N
80458	2025-12-22	4	39	102	23	\N	215	\N
80459	2025-12-22	5	39	102	23	\N	215	\N
80460	2025-12-22	1	14	3	24	\N	202	\N
80461	2025-12-22	2	225	4	24	\N	207	\N
80462	2025-12-22	3	225	4	24	\N	207	\N
80463	2025-12-22	4	12	11	24	\N	3.9ВЦ	\N
80484	2025-12-22	3	4	2	32	\N	3.8ВЦ	\N
80485	2025-12-22	1	35	34	58	\N	226 / 122	\N
80487	2025-12-22	3	64	16	58	\N	3.8ВЦ	\N
69213	2025-12-18	1	61	13	43	\N	307	\N
69214	2025-12-18	2	93	4	43	\N	103	\N
69215	2025-12-18	3	33	280	43	\N	324	\N
69216	2025-12-18	4	60	68	43	\N	203	\N
69229	2025-12-18	3	63	320	47	\N	217	\N
69230	2025-12-18	4	63	320	47	\N	217	\N
69233	2025-12-18	1	243	75	49	\N	326	\N
69234	2025-12-18	2	243	75	49	\N	326	\N
69235	2025-12-18	1	42	78	50	\N	104	\N
69236	2025-12-18	2	42	78	50	\N	104	\N
69237	2025-12-18	3	57	340	50	\N	326	\N
69238	2025-12-18	4	55	3	50	\N	106	\N
69239	2025-12-18	4	38	40	52	\N	204	\N
69240	2025-12-18	5	38	40	52	\N	204	\N
69241	2025-12-18	6	38	40	52	\N	204	\N
69242	2025-12-18	1	45	85	54	\N	303	\N
69243	2025-12-18	2	45	85	54	\N	303	\N
69244	2025-12-18	3	43	107	54	\N	120	\N
69245	2025-12-18	4	43	107	54	\N	120	\N
69246	2025-12-18	2	61	8	55	\N	307	\N
69247	2025-12-18	3	61	86	55	\N	307	\N
69248	2025-12-18	4	247	21	55	\N	3.7ВЦ	\N
69249	2025-12-18	5	247	21	55	\N	3.7ВЦ	\N
69250	2025-12-18	1	79	2	58	\N	  32ац	\N
69251	2025-12-18	2	79	36	58	\N	  32ац	\N
69252	2025-12-18	3	64	16	58	\N	3.5ВЦ	\N
69253	2025-12-18	4	64	16	58	\N	3.5ВЦ	\N
80379	2025-12-22	1	27	7	35	\N	306	\N
80380	2025-12-22	2	27	7	35	\N	306	\N
80381	2025-12-22	3	15	13	35	\N	117	\N
80382	2025-12-22	4	15	13	35	\N	117	\N
80383	2025-12-22	1	57	58	36	\N	326	\N
80384	2025-12-22	2	57	58	36	\N	326	\N
80385	2025-12-22	3	57	58	36	\N	326	\N
80386	2025-12-22	4	40	38	36	\N	null	\N
80387	2025-12-22	5	24	21	138	\N	3.14ВЦ	\N
80388	2025-12-22	6	24	21	138	\N	3.14ВЦ	\N
80389	2025-12-22	3	20	13	37	\N	108	\N
80390	2025-12-22	4	20	13	37	\N	108	\N
80391	2025-12-22	2	7	5	7	\N	3.15ВЦ	\N
80488	2025-12-22	4	64	16	58	\N	3.8ВЦ	\N
80489	2025-12-22	5	76	56	33	\N	null	\N
80363	2025-12-22	1	5	4	2	\N	201	\N
80364	2025-12-22	2	5	4	2	\N	201	\N
80365	2025-12-22	3	5	3	2	\N	201	\N
80366	2025-12-22	1	12	11	3	\N	3.9ВЦ	\N
80367	2025-12-22	2	14	3	3	\N	202	\N
80368	2025-12-22	3	14	3	3	\N	202	\N
80369	2025-12-22	4	43	384	4	\N	120	\N
80370	2025-12-22	1	203	360	141	\N	009	\N
80371	2025-12-22	2	203	360	141	\N	009	\N
80372	2025-12-22	3	67	385	141	\N	224	\N
80373	2025-12-22	4	67	385	141	\N	224	\N
80375	2025-12-22	2	16	12	34	\N	3.14ВЦ / 3.21ВЦ	\N
80376	2025-12-22	3	16	12	34	\N	3.14ВЦ / 3.21ВЦ	\N
80377	2025-12-22	4	3	5	34	\N	3.2ВЦ	\N
80378	2025-12-22	4	73	357	6	\N	302	\N
86319	2025-12-24	3	45	249	41	\N	303	\N
86320	2025-12-24	4	45	249	41	\N	303	\N
86321	2025-12-24	3	213	287	1	\N	220	\N
86322	2025-12-24	4	213	287	1	\N	220	\N
86323	2025-12-24	5	213	287	1	\N	220	\N
86324	2025-12-24	6	213	287	1	\N	220	\N
86325	2025-12-24	1	6	2	42	\N	305	\N
86326	2025-12-24	2	12	402	42	\N	3.9ВЦ	\N
86327	2025-12-24	5	12	111	43	\N	3.9ВЦ	\N
86328	2025-12-24	6	12	111	43	\N	3.9ВЦ	\N
86329	2025-12-24	1	62	70	140	\N	Корпус 4	\N
86330	2025-12-24	2	62	70	140	\N	Корпус 4	\N
86331	2025-12-24	3	62	369	140	\N	Корпус 4	\N
86332	2025-12-24	4	62	369	140	\N	Корпус 4	\N
86333	2025-12-24	1	48	379	59	\N	317	\N
86334	2025-12-24	2	48	379	59	\N	317	\N
86335	2025-12-24	7	45	122	59	\N	null	\N
86336	2025-12-24	4	48	380	59	\N	317	\N
86337	2025-12-24	5	48	380	59	\N	317	\N
86338	2025-12-24	1	93	64	45	\N	103	\N
86339	2025-12-24	2	93	64	45	\N	103	\N
86340	2025-12-24	1	34	12	17	\N	3.4ВЦ / 3.21ВЦ	\N
86341	2025-12-24	2	12	11	17	\N	null	\N
86342	2025-12-24	3	12	11	17	\N	null	\N
86343	2025-12-24	4	12	11	17	\N	null	\N
86344	2025-12-24	1	73	4	46	\N	302	\N
87714	2025-12-25	7	64	5	38	\N	3.5ВЦ	\N
87715	2025-12-25	2	4	2	39	\N	3.8ВЦ	\N
87716	2025-12-25	3	4	2	39	\N	3.8ВЦ	\N
87717	2025-12-25	1	22	18	11	\N	206	\N
87718	2025-12-25	2	22	18	11	\N	206	\N
87719	2025-12-25	3	59	236	11	\N	115	\N
87720	2025-12-25	4	17	279	11	\N	222	\N
87721	2025-12-25	3	11	262	1	\N	308	\N
87722	2025-12-25	4	93	304	1	\N	103	\N
87723	2025-12-25	5	247	414	1	\N	3.14вц	\N
87724	2025-12-25	1	62	369	140	\N	Корпус 4	\N
87725	2025-12-25	2	62	369	140	\N	Корпус 4	\N
87726	2025-12-25	3	62	366	140	\N	Корпус 4	\N
87727	2025-12-25	4	62	366	140	\N	Корпус 4	\N
87728	2025-12-25	3	45	126	59	\N	303	\N
87729	2025-12-25	4	45	126	59	\N	303	\N
87730	2025-12-25	5	45	122	59	\N	null	\N
87731	2025-12-25	6	45	122	59	\N	null	\N
87732	2025-12-25	1	93	409	45	\N	103	\N
87733	2025-12-25	1	73	357	46	\N	302	\N
87734	2025-12-25	1	33	281	19	\N	324	\N
87735	2025-12-25	2	45	69	19	\N	303	\N
87736	2025-12-25	3	14	3	20	\N	202	\N
87737	2025-12-25	4	12	11	20	\N	3.9ВЦ	\N
87738	2025-12-25	5	12	11	20	\N	3.9ВЦ	\N
87739	2025-12-25	6	12	11	20	\N	3.9ВЦ	\N
87740	2025-12-25	4	6	36	48	\N	305	\N
87741	2025-12-25	5	6	2	48	\N	305	\N
87742	2025-12-25	6	6	2	48	\N	305	\N
87759	2025-12-25	1	5	4	28	\N	201	\N
87760	2025-12-25	2	5	4	28	\N	201	\N
87761	2025-12-25	1	45	85	54	\N	303	\N
87762	2025-12-25	2	43	107	54	\N	120	\N
87763	2025-12-25	1	14	419	31	\N	202	\N
87764	2025-12-25	2	14	3	32	\N	202	\N
87765	2025-12-25	3	3	5	32	\N	3.2ВЦ	\N
80412	2025-12-22	1	7	5	10	\N	3.15ВЦ	\N
87766	2025-12-25	4	15	420	32	\N	3.2вц	\N
87767	2025-12-25	5	14	3	32	\N	202	\N
87768	2025-12-25	1	64	16	58	\N	3.5ВЦ	\N
87769	2025-12-25	2	6	36	58	\N	305	\N
87770	2025-12-25	3	6	2	58	\N	305	\N
86304	2025-12-24	2	84	235	38	\N	324	\N
86305	2025-12-24	3	84	6	38	\N	324	\N
86306	2025-12-24	5	64	5	38	\N	3.5ВЦ	\N
86307	2025-12-24	6	64	16	38	\N	3.5ВЦ	\N
86308	2025-12-24	7	64	16	38	\N	3.5ВЦ	\N
86309	2025-12-24	1	4	2	39	\N	3.8ВЦ	\N
86310	2025-12-24	2	4	2	39	\N	3.8ВЦ	\N
86311	2025-12-24	3	61	13	39	\N	307	\N
86312	2025-12-24	4	73	357	10	\N	302	\N
86313	2025-12-24	1	27	7	11	\N	308	\N
86315	2025-12-24	3	22	391	11	\N	206	\N
86316	2025-12-24	4	22	92	11	\N	206	\N
86317	2025-12-24	1	45	249	41	\N	303	\N
86318	2025-12-24	2	45	249	41	\N	303	\N
86345	2025-12-24	2	73	4	46	\N	302	\N
86346	2025-12-24	3	73	4	46	\N	302	\N
86347	2025-12-24	4	33	403	19	\N	324	\N
86348	2025-12-24	5	33	282	19	\N	324	\N
86349	2025-12-24	1	20	43	20	\N	108	\N
86350	2025-12-24	2	14	3	20	\N	202	\N
86351	2025-12-24	3	7	5	20	\N	3.15ВЦ	\N
86352	2025-12-24	4	12	11	20	\N	3.9ВЦ	\N
86882	2025-12-24	1	6	36	48	\N	305	\N
86883	2025-12-24	2	6	36	48	\N	305	\N
86884	2025-12-24	3	6	36	48	\N	305	\N
86353	2025-12-24	4	6	2	48	\N	null	\N
86357	2025-12-24	1	43	307	22	\N	120	\N
86358	2025-12-24	2	43	307	22	\N	120	\N
86359	2025-12-24	3	43	306	22	\N	120	\N
86360	2025-12-24	4	43	306	22	\N	120	\N
86361	2025-12-24	5	43	306	22	\N	120	\N
86362	2025-12-24	1	38	404	49	\N	204	\N
86363	2025-12-24	2	38	405	49	\N	204	\N
86364	2025-12-24	3	48	136	49	\N	317	\N
86365	2025-12-24	4	17	117	49	\N	222	\N
86366	2025-12-24	2	39	261	23	\N	215	\N
86367	2025-12-24	3	39	41	23	\N	215	\N
86385	2025-12-24	1	54	374	139	\N	002	\N
86386	2025-12-24	2	54	374	139	\N	002	\N
86387	2025-12-24	3	54	374	139	\N	002	\N
86388	2025-12-24	4	54	374	139	\N	002	\N
86389	2025-12-24	4	61	13	29	\N	307	\N
86390	2025-12-24	5	17	401	29	\N	222	\N
86391	2025-12-24	1	14	3	31	\N	202	\N
86392	2025-12-24	2	6	2	31	\N	305	\N
86393	2025-12-24	3	8	6	31	\N	311	\N
86394	2025-12-24	3	42	357	32	\N	104	\N
86396	2025-12-24	2	64	16	58	\N	3.5ВЦ	\N
86397	2025-12-24	3	64	16	58	\N	3.5ВЦ	\N
86398	2025-12-24	4	64	16	58	\N	3.5ВЦ	\N
86399	2025-12-24	4	52	55	33	\N	null	\N
86400	2025-12-24	5	52	55	33	\N	null	\N
86401	2025-12-24	6	17	283	33	\N	222	\N
82354	2025-12-23	2	62	365	140	\N	Корпус 4	\N
82355	2025-12-23	3	62	366	140	\N	Корпус 4	\N
82356	2025-12-23	4	62	365	140	\N	Корпус 4	\N
82357	2025-12-23	1	82	21	45	\N	3.4ВЦ	\N
82358	2025-12-23	2	82	21	45	\N	3.4ВЦ	\N
82359	2025-12-23	3	4	73	45	\N	3.8ВЦ	\N
82360	2025-12-23	4	4	394	45	\N	3.8ВЦ	\N
82361	2025-12-23	4	73	357	17	\N	302	\N
83345	2025-12-23	1	257	396	142	\N	222	\N
83346	2025-12-23	2	257	397	142	\N	222	\N
83347	2025-12-23	3	257	398	142	\N	222	\N
82362	2025-12-23	1	93	64	19	\N	103	\N
82363	2025-12-23	2	93	64	19	\N	103	\N
82364	2025-12-23	3	93	64	19	\N	103	\N
82365	2025-12-23	1	14	3	20	\N	202	\N
82366	2025-12-23	2	7	5	20	\N	3.15ВЦ	\N
82367	2025-12-23	3	6	2	20	\N	305	\N
83354	2025-12-23	6	259	11	20	\N	null	\N
82368	2025-12-23	3	42	4	48	\N	104	\N
82369	2025-12-23	4	42	4	48	\N	104	\N
82370	2025-12-23	5	64	5	48	\N	3.5ВЦ	\N
82371	2025-12-23	1	38	40	22	\N	204	\N
82372	2025-12-23	2	38	40	22	\N	204	\N
82373	2025-12-23	3	43	307	22	\N	120	\N
82374	2025-12-23	4	43	307	22	\N	120	\N
82375	2025-12-23	1	57	333	49	\N	326	\N
82376	2025-12-23	2	57	333	49	\N	326	\N
82377	2025-12-23	3	239	395	49	\N	317 / 204	\N
82378	2025-12-23	4	202	344	49	\N	213	\N
82379	2025-12-23	5	202	344	49	\N	213	\N
82380	2025-12-23	1	39	261	23	\N	215	\N
82381	2025-12-23	2	39	102	23	\N	215	\N
82382	2025-12-23	3	39	261	23	\N	215	\N
82383	2025-12-23	4	11	262	23	\N	308	\N
82385	2025-12-23	2	33	43	24	\N	324	\N
82386	2025-12-23	3	12	11	24	\N	3.9ВЦ	\N
82387	2025-12-23	4	12	11	24	\N	3.9ВЦ	\N
83374	2025-12-23	5	225	4	24	\N	201	\N
82388	2025-12-23	1	61	104	27	\N	307	\N
82389	2025-12-23	2	46	48	27	\N	314	\N
82390	2025-12-23	3	46	48	27	\N	314	\N
82391	2025-12-23	2	84	43	28	\N	328	\N
82392	2025-12-23	3	5	4	28	\N	201	\N
82393	2025-12-23	4	5	4	28	\N	201	\N
82394	2025-12-23	5	84	235	28	\N	328	\N
82396	2025-12-23	3	221	399	54	\N	15	\N
82397	2025-12-23	1	48	123	139	\N	317	\N
82398	2025-12-23	2	48	123	139	\N	317	\N
82399	2025-12-23	3	54	374	139	\N	002	\N
82400	2025-12-23	4	54	374	139	\N	002	\N
82401	2025-12-23	4	61	13	29	\N	307	\N
82402	2025-12-23	5	61	13	29	\N	307	\N
82403	2025-12-23	1	6	2	31	\N	305	\N
82404	2025-12-23	2	6	2	31	\N	305	\N
87584	2025-12-26	4	5	408	2	\N	202	\N
87585	2025-12-26	1	198	34	3	\N	маст / маст	\N
87586	2025-12-26	2	198	34	3	\N	маст / маст	\N
87587	2025-12-26	1	67	385	141	\N	224	\N
87588	2025-12-26	2	67	385	141	\N	224	\N
87589	2025-12-26	3	33	235	34	\N	324	\N
87590	2025-12-26	4	33	235	34	\N	324	\N
87591	2025-12-26	5	14	3	34	\N	202	\N
87592	2025-12-26	1	12	11	6	\N	null	\N
87593	2025-12-26	2	12	11	6	\N	null	\N
87594	2025-12-26	1	31	57	35	\N	010	\N
87595	2025-12-26	2	31	57	35	\N	010	\N
87596	2025-12-26	3	19	265	36	\N	006	\N
87613	2025-12-26	2	12	11	10	\N	3.9ВЦ	\N
87614	2025-12-26	3	12	11	10	\N	3.9ВЦ	\N
87615	2025-12-26	4	14	3	10	\N	202	\N
87616	2025-12-26	1	17	91	11	\N	222	\N
87617	2025-12-26	2	17	91	11	\N	222	\N
87618	2025-12-26	3	22	92	11	\N	206	\N
87619	2025-12-26	1	41	408	42	\N	310	\N
87620	2025-12-26	1	6	2	43	\N	305	\N
87621	2025-12-26	2	6	2	43	\N	305	\N
87622	2025-12-26	3	6	2	43	\N	305	\N
87623	2025-12-26	1	40	38	140	\N	null	\N
87624	2025-12-26	2	40	38	140	\N	null	\N
87625	2025-12-26	1	45	122	59	\N	303	\N
87626	2025-12-26	2	45	126	59	\N	303	\N
87627	2025-12-26	3	45	126	59	\N	303	\N
87628	2025-12-26	4	45	126	59	\N	303	\N
87629	2025-12-26	1	12	11	17	\N	3.9ВЦ	\N
87639	2025-12-26	3	84	6	48	\N	328	\N
87640	2025-12-26	4	84	6	48	\N	328	\N
87641	2025-12-26	5	84	235	48	\N	328	\N
87642	2025-12-26	6	84	235	48	\N	328	\N
87643	2025-12-26	7	84	235	48	\N	328	\N
87644	2025-12-26	5	48	410	49	\N	317	\N
87645	2025-12-26	1	39	42	23	\N	215	\N
87646	2025-12-26	2	39	102	23	\N	215	\N
87647	2025-12-26	3	40	38	23	\N	null	\N
87648	2025-12-26	1	33	235	24	\N	324	\N
87649	2025-12-26	2	33	235	24	\N	324	\N
87650	2025-12-26	1	43	411	25	\N	120	\N
87651	2025-12-26	1	42	412	50	\N	104	\N
87652	2025-12-26	1	61	104	27	\N	303	\N
87653	2025-12-26	2	61	104	27	\N	303	\N
87654	2025-12-26	3	61	104	27	\N	303	\N
87655	2025-12-26	4	43	364	54	\N	120	\N
87656	2025-12-26	4	6	246	29	\N	305	\N
87657	2025-12-26	2	14	3	31	\N	202	\N
87658	2025-12-26	3	14	3	31	\N	202	\N
87659	2025-12-26	4	12	11	31	\N	3.9ВЦ	\N
87660	2025-12-26	5	12	11	31	\N	3.9ВЦ	\N
87661	2025-12-26	1	20	235	32	\N	108	\N
87662	2025-12-26	2	20	43	32	\N	108	\N
87663	2025-12-26	3	20	43	32	\N	108	\N
87664	2025-12-26	4	20	6	32	\N	108	\N
87665	2025-12-26	1	146	372	143	\N	null	\N
87666	2025-12-26	2	146	413	143	\N	null	\N
87667	2025-12-26	4	64	343	58	\N	3.5ВЦ	\N
87668	2025-12-26	4	264	21	33	\N	null	\N
87669	2025-12-26	5	52	55	33	\N	null	\N
87670	2025-12-26	6	52	56	33	\N	230	\N
87671	2025-12-26	7	17	283	33	\N	null	\N
87672	2025-12-25	3	5	4	2	\N	201	\N
87673	2025-12-25	4	5	4	2	\N	201	\N
87674	2025-12-25	1	198	34	3	\N	маст / маст	\N
87676	2025-12-25	3	12	11	3	\N	3.9ВЦ	\N
\.


--
-- TOC entry 3508 (class 0 OID 16414)
-- Dependencies: 224
-- Data for Name: Role; Type: TABLE DATA; Schema: public; Owner: postgres
--

COPY public."Role" ("Id", "Name") FROM stdin;
2	teacher
1	admin
\.


--
-- TOC entry 3509 (class 0 OID 16417)
-- Dependencies: 225
-- Data for Name: Student; Type: TABLE DATA; Schema: public; Owner: postgres
--

COPY public."Student" ("Id", "FullName", "GroupId") FROM stdin;
1	Шакурова Мария Владимировна	1
2	Тимошин Павел Сергеевич	1
3	Сурженко Сергей Игоревич	1
4	Сибурёв Владислав Михайлович	1
5	Рыньков Кирилл Александрович	1
6	Рубцов Данил Дмитриевич	1
7	Поздняков Сергей Андреевич	1
8	Погорелова Екатерина Максимовна	1
9	Орлов Никита Романович	1
10	Некрасов Максим Дмитриевич	1
11	Морозова Юлия Ивановна	1
12	Лобышев Даниил Дмитриевич	1
13	Леонтьев Даниил Алексеевич	1
14	Курчатов Захар Иванович	1
15	Колимбет Арина Дмитриевна	1
16	Коврегин Данил Анатольевич	1
17	Карабеков Дияр Ренатович	1
18	Зернов Александр Анатольевич	1
19	Зайцев Григорий Евгеньевич	1
20	Епихин Максим Альбертович	1
21	Денисов Семён Леонидович	1
22	Бугайчук Андрей Евгеньевич	1
23	Аппалонова София Алексеевна	1
24	Адров Егор Вячеславович	1
\.


--
-- TOC entry 3510 (class 0 OID 16422)
-- Dependencies: 226
-- Data for Name: StudentTopic; Type: TABLE DATA; Schema: public; Owner: postgres
--

COPY public."StudentTopic" ("Id", "StudentId", "TopicId", "IsSubmitted") FROM stdin;
\.


--
-- TOC entry 3513 (class 0 OID 16427)
-- Dependencies: 229
-- Data for Name: Subject; Type: TABLE DATA; Schema: public; Owner: postgres
--

COPY public."Subject" ("Id", "Name", "Total_hours") FROM stdin;
1	МДК 04.01 Внедрение и поддержка компьютерных систем	68
2	История	\N
3	Физика	\N
4	Математика	\N
5	Литература	\N
6	Химия (2) 	\N
7	Безопасность жизнедеятельности	\N
8	Основы бережливого производства	\N
9	Техническая механика	\N
10	Основы правовых знаний и социальная адаптация	\N
11	Индивидуальный проект	\N
12	Иностранный язык (1) / Иностранный язык (2)	\N
13	География	\N
14	Экологические основы природопользования	\N
15	Физическая культура (1) / Физическая культура (2)	\N
16	Русский язык	\N
17	Налоги и налогообложение	\N
18	МДК 02.01 Практические основы бухгалтерского учета источников формирования активов организации	\N
19	МДК 01.02 Проектирование цифровых устройств	\N
20	МДК 03.02 Основы проектирования электронных приборов и устройств на основе печатного монтажа	\N
21	Иностранный язык в профессиональной деятельности	\N
22	МДК 01.02 Технология настройки и регулировки электронных приборов и устройств	\N
23	МДК 01.01  Технология сборки, монтажа и демонтажа электронных приборов и устройств	\N
24	МДК 02.01 Основы технологии переработки полимерных материалов и эластомеров	\N
25	Технология пластических масс	\N
26	МДК 13.01 Разработка программных решений для бизнеса	\N
27	Информатика	\N
28	МДК 01.01 Электрические машины и аппараты	\N
29	Органическая химия (1) 	\N
30	Общая и неорганическая химия	\N
31	Иностранный язык в профессиональной деятельности (1) /  (2)	\N
32	Органическая химия	\N
33	Органическая химия (2) 	\N
34	Информатика (1) / Информатика (2)	\N
35	Основы безопасности и защиты Родины	\N
36	Обществознание	\N
37	МДК 04.03 Теоретические основы обеспечения надежности систем автоматизации 	\N
38	Физическая культура	\N
39	Дискретная математика	\N
40	Операционные системы и среды	\N
41	МДК 02.03 Организация администрирования компьютерных систем	\N
42	МДК 02.01 Администрирование сетевых операционных систем	\N
43	Химия	\N
44	Электротехника	\N
45	МДК 03.01 Техническое обслуживание устройств релейной защиты, автоматики, средств измерений и систем сигнализаций	\N
46	МДК 04.02 Экономика природопользования	\N
47	МДК.03.02 Очистные сооружения	\N
48	МДК 04.03 Экологическая экспертиза и экологический аудит	\N
49	Охрана труда	\N
50	Электротехника и электроника (2) 	\N
51	Информатика (1) 	\N
52	Информатика (2)	\N
53	Иностранный язык	\N
54	Введение в специальность	\N
55	МДК 05.01 Технические основы конвергенции логических интеллектуальных сетей и инфокоммуникационных технологий в информационно-коммуникационных сетях 	\N
56	МДК 02.02 Технология монтажа и обслуживания оптических систем передачи транспортных сетей	\N
57	Прикладные компьютерные программы в профессиональной деятельности	\N
58	МДК 01.01 Основы технического обслуживания технологического оборудования	\N
59	МДК 02.01 Управление технологическими процессами производства органических веществ	\N
60	МДК 04.01 Выполнение работ по профессии 18559 Слесарь - ремонтник	\N
61	Производственная система предприятия и кодекс этики	\N
62	МДК 01.01 Методы создания и корректировки компьютерных моделей	\N
63	Метеорология	\N
64	Математические методы решения прикладных профессиональных задач	\N
65	Основы финансовой грамотности	\N
66	МДК 02.02 Инструментальные средства разработки программного обеспечения	\N
67	Менеджмент в профессиональной деятельности	\N
68	Инженерная графика	\N
69	Физическая и коллоидная химия	\N
70	МДК 03.01 Теоретические основы технического обслуживания и ремонта электронного оборудования и систем автоматического управления	\N
71	МДК 02.02 Теоретические основы наладки, настройки оборудования и прикладного обеспечения автоматических систем	\N
72	МДК 01.01 Теоретические основы разработки специализированных узлов и систем автоматического управления технологическими процессами	\N
73	История России	\N
74	УП 07.01 Учебная практика по сетевому и системному администрированию	\N
75	Инженерная компьютерная графика (1) / Инженерная компьютерная графика (2)	\N
76	Основы электротехники и электронной техники	\N
77	Теория электрических цепей (2) 	\N
78	Математические методы решения типовых прикладных задач	\N
79	Психология общения	\N
80	МДК 03.02 Аппаратура для ремонта и наладки устройств электроснабжения	\N
81	МДК 03.01 Ремонт и наладка устройств электроснабжения	\N
82	МДК 02.02 Программирование микроконтроллеров	\N
83	МДК 03.01 Методы технического обслуживания и ремонта установок для аддитивного производства	\N
84	МДК 02.03 Методы финишной обработки и контроля качеств готовых изделий	\N
85	Геология	\N
86	МДК 02.01 Организация и проведение производственного экологического контроля	\N
87	УП 03.01	\N
88	МДК 02.02 Техническое обслуживание, ремонт и оценка качества электронных приборов и устройств	\N
89	Химия (1) / Информатика (2)	\N
90	Основы бухгалтерского учета	\N
91	МДК 04.02 Основы анализа бухгалтерской отчетности	\N
92	Аудит	\N
93	Прикладное программирование в компьютерных системах и комплексах	\N
94	МДК 05.01 Выполнение работ по рабочей профессии 14601 Монтажник оборудования связи	\N
95	Экономика организации	\N
96	Цифровая схемотехника	\N
97	МДК 05.01 Выполнение работ по профессии 13302 Лаборант по физико-механическим испытаниям 	\N
98	Теория вероятностей и математическая статистика	\N
99	Информатика (1) / Иностранный язык (2)	\N
100	МДК 02.02Теоретические основы правил монтажа и наладки оборудования автоматизированных систем с учетом специфики технологических процессов	\N
101	Основы электротехники	\N
102	МДК 03.01 Эксплуатация объектов сетевой инфраструктуры	\N
103	Метрология, стандартизация и сертификация	\N
104	МДК 04.01 Информационное обеспечение природоохранной деятельности	\N
105	МДК 02.02 Разработка документации по эксплуатации электрического и электромеханического оборудования	\N
106	Процессы формообразования в машиностроении	\N
107	Электротехника и электроника	\N
108	Почвоведение	\N
109	Экономика отрасли	\N
110	МДК 04.02 Обеспечение качества функционирования компьютерных систем	\N
111	Основы философии	\N
112	МДК 01.02 Технология монтажа и наладки электронного оборудования и систем автоматического управления	\N
113	Производственная система ТМК и кодекс этики	\N
114	Информационные технологии (2)	\N
115	Информационные технологии (1) 	\N
116	Иностранный язык в профессиональной деятельности (1) / (2)	\N
117	Элементы высшей математики	\N
118	Основы электронной и вычислительной техники	\N
119	МДК 03.01Техническое обслуживание и ремонт компьютерных систем и комплексов	\N
120	 МДК 02.01 Микропроцессорные системы	\N
121	МДК 02.01 Теоретические основы производства изделий с использованием аддитивных технологий	\N
122	МДК 01.01 Организация и проведение экологического мониторинга окружающей среды	\N
123	Информационные технологии в профессиональной деятельности	\N
124	УП 03.01Учебная практика по обеспечению информационной безопасности инфокоммуникационных сетей и систем связи	\N
125	МДК 01.01Технология монтажа и наладки электронного оборудования и систем автоматического управления	\N
126	МДК 02.02 Очистные сооружения	\N
127	МДК 03.01 Организация учета и контроля обращения с отходами	\N
128	МДК 03.01 Схемотехническое проектирование электронных приборов и устройств	\N
129	МДК 02.02 Эксплуатация установок для аддитивного производства	\N
335	МДК 04.03	\N
130	МДК 03.02Технологическое предпринимательство в области технического обслуживания и ремонта компьютерных систем и комплексов	\N
131	МДК 02.01 Основы диагностики и обнаружения отказов и дефектов электронных приборов и устройств	\N
132	МДК 02.01 Технология контроля и эксплуатации электронного оборудования и систем автоматического управления	\N
133	МДК.08.01	\N
134	МДК.07.01	\N
135	МДК.01.01	\N
136	Информационные технологии	\N
137	Организация обслуживания	\N
138	МДК.08.01 1 п/г	\N
139	МДК.08.01 2 п/г	\N
140	МДК.04.01	\N
141	МДК.05.02	\N
142	Русский язык и культура речи	\N
143	МДК.01.02	\N
144	Оганизация обслуживания	\N
145	МДК.06.01	\N
146	Организация хранения	\N
147	ОБЗР	\N
148	МДК.05.02 1,2 п/г	\N
149	МДК.03.02	\N
150	Микробиология	\N
151	МДК.05.02 	\N
152	МДК.05.01	\N
153	МДК.01.04	\N
154	МДК.07.01 1,2 п/г	\N
155	МДК.08.01 	\N
156	МДК.02.01	\N
157	Правовые основы	\N
158	МДК.04.03	\N
159	Иностранный язык (второй)	\N
160	Экологические основы	\N
161	Физкультура	\N
162	Информатика ЕН	\N
163	ИТ в проф. деятельности	\N
164	Адаптивная физкультура	\N
165	Основы строительного черчения	\N
166	МДК.01 Выполнение штукатурных работ	\N
167	Иностранный язык в проф.деят.	\N
168	МДК.01.03 Техн. процессы техобсл. и ремонта а/м	\N
169	Основы инженерной графики	\N
170	МДК.01.01 Обеспечение ведения управления многоквартирным домом	\N
171	БЖ	\N
172	МДК.04.01 Эксплуатация строит.объектов	\N
173	Биология	\N
174	МДК.01.01 Устройство а/м	\N
175	Иностранный язык в проф.деятельности	\N
176	МДК.01.01 Монтаж СТС и оборудования гражданских зданий	\N
177	Информатика 	\N
178	Информатика 1,2 подгр	\N
179	Культура и психология делового общения	\N
180	Социальная адаптация соц. правовых знаний	\N
181	Основы материаловедения	\N
182	Прикладные компьютерные программы в проф. деятельности	\N
183	МДК.05.01 Производство работ попроф.18560 Слесарь-сантехник	\N
184	МДК.03.03 Тюнинг а/м	\N
185	ИТ в проф.деятельности	\N
186	Основы гидравлики, теплотехники и аэродинамики	\N
187	МДК.04.01 Выполнение работ по проф.Слесарь по ремонту а/м	\N
188	МДК.01.02 Автомобильные эксплуатационные материалы	\N
189	МДК.04.01 Эксплуатация строительных объектов	\N
190	МДК.02.01 Организация тех.процессов	\N
191	                              БЖ	\N
192	МДК.01.05 Техобсл. и ремонт электрооборуд.и электр.систем а/м	\N
193	Информатика ЕН 1,2 подгр	\N
194	Материаловедение	\N
195	МДК.05.01 Выполнение работ по проф.Сварщик ручной электродуговой сварки	\N
196	МДК.05.01 Выполнение работ по рабочей профессии 27770 Экспедитор	\N
197	МДК.05.01 Производство работ по проф.18560 Слесарь -сантехник	\N
198	1 час Экономика отрасли	\N
199	МДК.03.02 Организация работ по модернизации а/тр. средств	\N
200	Основы электротехники и электроники	\N
201	Основы психологии проф.деятельности	\N
202	Основы  почвоведения	\N
203	Адаптивная  физкультура	\N
204	МДК.01 Выращивание цветочно-декор.культур	\N
205	                        География	\N
206	МДК.05.01 выполнение работ по проф. Сварщик ручной дуговой сварки	\N
207	МДК.01.02 Автомобильные эксплуатац.материалы	\N
208	МДК.02 Технология изготовления швейных изделий	\N
209	МДК.04.02 Реконструкция строит.объектов	\N
210	МДК.01.06 Техобсл. и ремонт шасси а/м	\N
211	МДК 02.02 Основы проектирования технологических процессов	\N
212	МДК 02.04 Оборудование цеха обработки металлов давлением	\N
213	МДК 02.01 Эксплуатация кранов металлургического производства	\N
214	МДК 03.01 Организация ремонтных, монтажных и наладочных работ по промышленному оборудованию	\N
215	МДКд.07.01 Устройство, правила технической эксплуатации обслуживаемого оборудования	\N
216	МДК 05.01 Экология металлургического производства	\N
217	МДК.01.04 Обеспечение экологической и промышленной безопасности	\N
218	МДК 01.02 Менеджмент	\N
219	МДК 02.02 Техника и технология ручной дуговой сварки (наплавки, резки) покрытым электродом	\N
220	Процессы формообразования и инструменты	\N
221	Учебная практика	\N
222	МДК 05.01 Организация и планирование деятельности структурного подразделения	\N
223	МДК 06.01 Освоение профессии рабочего, должностях служащего 18559 Слесарь-ремонтник	\N
224	Компьютерная графика	\N
225	мдк 03.01 Формы и методы контроля качества металлов и сварных конструкций	\N
226	Учебная практика (1) 	\N
227	Учебная практика (2) 	\N
228	Основы металлургического производства	\N
229	Иностранный язык в профессиональной деятельности (1) / Иностранный язык в профессиональной деятельности (2)	\N
230	Менеджмент	\N
231	МДК 03.01 Технологический процесс и технологическая документация по сборке узлов и изделий с применением систем автоматизированного проектирования	\N
232	МДК.02.02 Оборудование цеха производства черных металлов, наладка и контроль за его работой	\N
233	Документационное обеспечение управления	\N
234	Основы предпринимательской деятельности	\N
235	Химия (1) 	\N
236	Финансы, денежное обращение и кредит	\N
237	 Микропроцессорные системы	\N
238	Правовые основы профессиональной деятельности	\N
239	МДК 01.03 Основы технической эксплуатации и обслуживания электрического и электромеханического оборудования	\N
240	МДК 01.01 Теоретические основы разработки и моделирования элементов систем автоматизации с учетом специфики технологических процессов	\N
241	МДК 03.01 Управление твердыми отходами твердыми бытовыми отходами и радиоактивными отходами	\N
242	Физическая культура (2) 	\N
243	Прикладная математика	\N
244	УП 01.01. Учебная практика по созданию и корректировке компьютерной (цифровой) модели	\N
245	УП 07.01Учебная практика компетенции по Информационные кабельные сети	\N
246	История России  1 час	\N
247	Физическая и коллоидная химия (1) / Основы физики и химии полимеров (2)	\N
248	Физическая и коллоидная химия (2) 	\N
249	Аналитическая химия	\N
250	Компьютерное моделирование (1) 	\N
251	Инженерная графика (2) 	\N
252	МДК 01.02  Электроснабжение электротехнологического оборудования сетей	\N
253	Основы алгоритмизации и программирования	\N
254	Информационные технологии в профессиональной деятельности (1) /  (2)	\N
255	МДК 03.01 Организация расчетов с бюджетом и внебюджетными фондами	\N
256	МДК 13.01 Разработка программных решений для бизнеса  1 час	\N
257	Охрана труда  1 час	\N
258	Психология общения  1 час	\N
259	Физическая и коллоидная химия (1) 	\N
260	МДК 04.01 Технология формирования систем автоматического управления типовых технологических процессов, средств измерений, несложных мехатронных устр	\N
261	МДК 03.02 Безопасность компьютерных сетей	\N
262	Правовое обеспечение профессиональной деятельности	\N
263	МДК 01.01 Основы наладки и испытаний устройств релейной защиты, автоматики, средств измерения и систем сигнализации  1 час	\N
264	МДК 04.02 Современные технологии управления структурными подразделениями предприятий сетей связи	\N
265	МДК 03.01 Обеспечение качества продукции	\N
266	МДК 04.01	\N
267	Информатика (1) / Электротехника и электроника (2)	\N
268	Электротехника и электроника (1) 	\N
269	Основы автоматизации	\N
270	Основы физики и химии полимеров (1) 	\N
271	МДК 04.01 Выполнение работ по рабочей профессии 16199 Оператор электронно-вычислительных и вычислительных машин (1) / (2)	\N
272	МДК 01.01 Основы горного дела	\N
273	Химия 	\N
333	Инженерная компьютерная графика (1) 	\N
334	Органическая химия  экзамен	\N
274	Химия  (1)                                                                                                                                                         Сарбинтович М.М.	\N
275	Литература                                                                                                                                                     Костина Светлана Ивановна\t	\N
276	Электротехника (1) 	\N
277	Электротехника (2) 	\N
278	Статистика	\N
279	МДК 02.02 Бухгалтерская технология проведения и оформления инвентаризации	\N
280	Теоретические основы химической технологии	\N
281	Общая и неорганическая химия (1) 	\N
282	Общая и неорганическая химия (2) 	\N
283	МДК 04.01 Планирование и организация работы структурных подразделений предприятий сетей связи	\N
284	МДК 04.01 Управление персоналом структурного подразделения	\N
285	Аналитическая химия (1) 	\N
286	Аналитическая химия (2) 	\N
287	МДК 02.01 Технология разработки программного обеспечения	\N
288	Основы экономики	\N
289	МДК 04.01 Выполнение работ по рабочей профессии 16199 Оператор электронно-вычислительных и вычислительных машин (1) /  (2)	\N
290	Теория электрических цепей	\N
291	Технология пластических масс   1 час	\N
292	МДК 05.01Выполнение работ по профессии 13302 Лаборант по физикомеханическим испытаниям	\N
293	МДК 01.02 Основы обслуживания и эксплуатации технологического оборудования	\N
294	УП 04.01Учебная практика по организации производственной деятельности персонала структурных подразделений, отвечающих за предоставление телематических	\N
295	Информационные технологии (1) / Информационные технологии (2)	\N
296	МДК 04.01Учебная практика по организации производственной деятельности персонала структурных подразделений, отвечающих за предоставление телематически	\N
297	иностранный язык (1) / Информационные технологии (2)	\N
298	Основы бухгалтерского учета  1 час	\N
299	МДК 01.03 Основы технической эксплуатации и обслуживания электрического и электромеханического оборудования  1 час	\N
300	Правовые основы профессиональной деятельности  1 час	\N
301	Информатика (2) 	\N
302	МДК 01.04 Электрическое и электромеханическое оборудование	\N
303	МДК 03.01 Планирование и организация работы структурного подразделения	\N
304	МДК 02.03 Математическое моделирование	\N
305	МДК 02.01.Теоретические основы и принципы построения автоматизированных систем управления	\N
306	Основы электротехники (1) 	\N
307	Основы электротехники (2) 	\N
308	УП 01.01	\N
309	УП 05.01	\N
310	УП 05.01 Учебная практика по выполнению работ по профессии 13302 Лаборант по физико-механическим испытаниям 	\N
311	УП 13.01 Учебная практика по программным решениям для бизнеса	\N
312	МДК 01.02 Теоретические основы автоматизированного проектирования технических систем	\N
313	УП 03.01 Учебная практика по техническому обслуживанию устройств релейной защиты, автоматики, средств измерений и систем сигнализаций	\N
314	Физическая культура (1) 	\N
315	Физическая культура (2)	\N
316	МДК 01.05 Техническое регулирование и контроль качества электрического и электромеханического оборудования	\N
317	МДК 01.04 Электрическое и электромеханическое оборудование  КП	\N
318	Метеорология  1 час	\N
319	Основы физики и химии полимеров (1) / Физическая и коллоидная химия (2)	\N
320	ПП 07.01 Производственная практика по сетевому и системному администрированию	\N
321	Иностранный язык в профессиональной деятельности (1) /(2)	\N
322	МДК 01.03 Цифровая схемотехника	\N
323	Техническая механика  1 час	\N
324	УП 05.01 Учебная практика по выполнению работ по профессии 14601 Монтажник оборудования связи	\N
325	Основы электротехники (1) / Инженерная компьютерная графика (2)	\N
326	МДК 03.01 Обеспечение качества продукции  экзамен	\N
327	МДК 01.02 Электроснабжение	\N
328	Метеорология экзамен	\N
329	Органическая химия  1 час	\N
330	Инженерная графика (1) / Инженерная графика(2)	\N
331	ПМ.05 экзамен	\N
332	Техническая механика  экзамен	\N
336	Основы бухгалтерского учета  экзамен	\N
337	Экономика организации  1 час	\N
338	Информатика(1)	\N
339	Информатика(2)	\N
340	Инженерная компьютерная графика	\N
341	Электробезопасность  экзамен	\N
342	Основы мехатроники  экзамен	\N
343	Русский язык  экзамен	\N
344	Инженерная компьютерная графика (2) 	\N
345	Теория электрических цепей (1) 	\N
346	Иностранный язык (2) 	\N
347	История   1 час	\N
348	Основы автоматизации технологических процессов	\N
349	Информатика (1) / Химия (2)	\N
350	Основы алгоритмизации и программирования  1 час	\N
351	Физическая культура (1)/Физическая культура (2)	\N
352	Документационное обеспечение управления (1 час) / Экономика организации  (1 час)	\N
353	ПП 13.01 Производственная практика по программным решениям для бизнеса	\N
354	УП 01.01 Учебная практика по организации технического обслуживания и ремонта электрического и электромеханического оборудования 	\N
355	Элементы высшей математики  экзамен	\N
356	Электротехника и электроника  (2)	\N
357	Математика  экзамен	\N
358	Химия (2)	\N
359	Информатика (1)	\N
360	МДК 02.02 Устройство и техническое обслуживание сетей электроснабжения	\N
361	 Микропроцессорные системы  1 час	\N
362	Архитектура аппаратных средств	\N
363	Почвоведение (1 час) / Гидрология (1 час)	\N
364	Электротехника и электроника  экзамен	\N
365	МДК 02.02 Технология эксплуатации электронного оборудования электронной части станков с числовым программным управлением	\N
366	МДК 02.01 Технология эксплуатации электронного оборудования и систем автоматического управления	\N
367	ПП 07.01	\N
368	Физическая и коллоидная химия  экзамен	\N
369	МДК 03.02 Теоретические основы технического обслуживания и ремонта электронного оборудования электронной части станков с числовым программным управлен	\N
370	МДК 03.01 Ремонт и наладка устройств электроснабжения   1 час	\N
371	 Информатика (2)	\N
372	Химия (1)	\N
373	Математика экзамен	\N
374	МДК 05.03 Выполнение работ по профессии 116081 Оператор технологических установок	\N
375	Менеджмент в профессиональной деятельностиФизическая культура	\N
376	Физическая культура  1 час	\N
377	МДК 04.01 Выполнение работ по профессии 18559 Слесарь - ремонтник  экзамен	\N
378	Почвоведение  экзамен	\N
379	Информационные технологии в профессиональной деятельности (1) 	\N
380	Информационные технологии в профессиональной деятельности (2) 	\N
381	Основы электротехники и электронной техники  экзамен	\N
382	Инф.техн	\N
383	Русский язык экзамен	\N
384	Электротехника экзамен	\N
385	МДК 02.03 Релейная защита и автоматические системы управления устройствами электроснабжения	\N
386	Статистика  1 час	\N
387	АУДИТ 	\N
388	Правовое обеспечение профессиональной деятельности                                  Шаповалова Э.А.	\N
389	Физическая культура (1) / Химия (2)	\N
390	УП 05.03 Учебная практика по выполнению работ по профессии 116081 Оператор технологических установок	\N
391	МДК 04.01  Технология составления бухгалтерской отчетности	\N
392	Информатика / Математика               экзамен	\N
393	Основы физики и химии полимеров (2) 	\N
394	История России  	\N
395	МДК 04.01 Выполнение работ по рабочей профессии 16199 Оператор электронно-вычислительных и вычислительных машин (1) / МДК 04.01 Выполнение работ по рабочей профессии 16199 Оператор электронно-вычислительных и вычислительных машин (2)	\N
396	Док.обеспеч     1 час   /    Экон.организ   1 час.	\N
397	Эконом. организ	\N
398	Осн.предприн-ва	\N
399	МДК 01.01      экзамен 	\N
400	Химия    1	\N
401	МДК 02.02 Разработка документации по эксплуатации электрического и электромеханического оборудования  1 час	\N
402	Основы философии  1 час	\N
403	Общая и неорганическая химия 	\N
404	Информационные технологии (2) 	\N
405	МДК 04.01 Выполнение работ по рабочей профессии 16199 Оператор электронно-вычислительных и вычислительных машин (2) 	\N
406	Физика  1 час	\N
407	Инд.проект	\N
408	Математика   экзамен	\N
409	Математические методы решения прикладных профессиональных задач   экзамен	\N
410	МДК 04.01 Выполнение работ по рабочей профессии 16199 Оператор электронно-вычислительных и вычислительных машин (1-2)	\N
411	Электротехника   экзамен	\N
412	Математические методы решения типовых прикладных задач  экзамен	\N
413	Химия(2)	\N
414	Ин.язык	\N
415	Основы электротехники   экзамен	\N
416	Математика  / Информатика      экзамен	\N
417	Математические методы решения типовых прикладных задач (1час) / Теория электрических цепей (1час)	\N
418	ИН.ЯЗЫК	\N
419	Физика  	\N
420	Георгафия	\N
\.


--
-- TOC entry 3515 (class 0 OID 16433)
-- Dependencies: 231
-- Data for Name: Topic; Type: TABLE DATA; Schema: public; Owner: postgres
--

COPY public."Topic" ("Id", "Name", "TypeId", "SubjectId", "Homework") FROM stdin;
\.


--
-- TOC entry 3516 (class 0 OID 16438)
-- Dependencies: 232
-- Data for Name: TopicType; Type: TABLE DATA; Schema: public; Owner: postgres
--

COPY public."TopicType" ("Id", "Name") FROM stdin;
3	ПЗ
2	ЛР
1	ЛЕК
\.


--
-- TOC entry 3518 (class 0 OID 16444)
-- Dependencies: 234
-- Data for Name: User; Type: TABLE DATA; Schema: public; Owner: postgres
--

COPY public."User" ("Id", "Login", "PasswordHash", "FullName", "RoleId", "RefreshTokenHash", "TokenExpiresAt") FROM stdin;
3	скостина	default_password_hash	Костина Светлана Ивановна	2	\N	\N
4	лполякова	default_password_hash	Полякова Лариса Владимировна	2	\N	\N
5	лпавлова	default_password_hash	Павлова Людмила Александровна	2	\N	\N
6	порин	default_password_hash	Орин Павел Дмитриевич	2	\N	\N
7	иматвеева	default_password_hash	Матвеева Ирина Сергеевна	2	\N	\N
8	лильина	default_password_hash	Ильина Лариса Вячеславовна	2	\N	\N
9	агусев	default_password_hash	Гусев Алексей Викторович 	2	\N	\N
10	едокучаева	default_password_hash	Докучаева Елена Юрьевна	2	\N	\N
11	эшаповалова	default_password_hash	Шаповалова Эльвира Анатольевна	2	\N	\N
12	сананьев	default_password_hash	Ананьев Сергей Алексеевич	2	\N	\N
13	юрепникова	default_password_hash	Репникова Юлия Сергеевна/Репникова Юлия Сергеевна	2	\N	\N
14	езвонарева	default_password_hash	Звонарева Евгения Сергеевна	2	\N	\N
15	някубовская	default_password_hash	Якубовская Надежда Николаевна	2	\N	\N
16	нустич	default_password_hash	Устич Наталья Алексеевна/Федотова Мария Александровна	2	\N	\N
17	стараканова	default_password_hash	Тараканова Светлана Вячеславовна	2	\N	\N
18	езубкова	default_password_hash	Зубкова Елена Григорьевна	2	\N	\N
19	акузнецова	default_password_hash	Кузнецова Анастасия Дюлавна	2	\N	\N
20	есаликова	default_password_hash	Саликова Елена Валерьевна	2	\N	\N
21	иволодина	default_password_hash	Володина Ирина Викторовна/Козырева Елена Владимировна	2	\N	\N
22	вкобликова	default_password_hash	Кобликова Валентина Сергеевна	2	\N	\N
23	нсливнова	default_password_hash	Сливнова Наталья Владимировна	2	\N	\N
24	нустич1	default_password_hash	Устич Наталья Алексеевна	2	\N	\N
25	дарсентьев	default_password_hash	Арсентьев Дмитрий Викторович	2	\N	\N
26	осуркова	default_password_hash	Суркова Ольга Викторовна	2	\N	\N
27	стакташева	default_password_hash	Такташева Светлана Борисовна	2	\N	\N
28	дбельчич	default_password_hash	Бельчич Дмитрий Сергеевич	2	\N	\N
29	вэкова	default_password_hash	Экова Виктория Александровна	2	\N	\N
30	гжракова	default_password_hash	Жракова Галина Михайловна/Савельева Анжелика Алексеевна	2	\N	\N
31	сфедосеев	default_password_hash	Федосеев Сергей Александрович	2	\N	\N
32	пстепаненко	default_password_hash	Степаненко Полина Алексеевна	2	\N	\N
33	мсарбинтович	default_password_hash	Сарбинтович Марина Марьяновна	2	\N	\N
34	юрепникова1	default_password_hash	Репникова Юлия Сергеевна/Федотова Мария Александровна	2	\N	\N
35	вэкова1	default_password_hash	Экова Виктория Александровна/Бредихина Наталья Витальевна	2	\N	\N
36	екуневич	default_password_hash	Куневич Елена Петровна	2	\N	\N
37	иволодина1	default_password_hash	Володина Ирина Викторовна	2	\N	\N
38	апопова	default_password_hash	Попова Анастасия Геннадьевна	2	\N	\N
39	вморозов	default_password_hash	Морозов Валерий Валерьевич	2	\N	\N
40	гжракова1	default_password_hash	Жракова Галина Михайловна	2	\N	\N
41	екошелева	default_password_hash	Кошелева Елена Анатольевна	2	\N	\N
42	екурлович	default_password_hash	Курлович Елена Павловна	2	\N	\N
43	нфролова	default_password_hash	Фролова Наталья Юрьевна	2	\N	\N
44	анерезов	default_password_hash	Нерезов Андрей Сергеевич	2	\N	\N
45	нпогорелова	default_password_hash	Погорелова Наталья Сергеевна	2	\N	\N
46	нзахарова	default_password_hash	Захарова Наталия Сергеевна	2	\N	\N
47	нутишева	default_password_hash	Утишева Наталья Вячеславовна	2	\N	\N
48	икаменских	default_password_hash	Каменских Инна Николаевна	2	\N	\N
49	вевсеев	default_password_hash	Евсеев Виталий Николаевич	2	\N	\N
50	икавешникова	default_password_hash	Кавешникова Ирина Михайловна	2	\N	\N
51	екозырева	default_password_hash	Козырева Елена Владимировна/Володина Ирина Викторовна	2	\N	\N
52	асавельев	default_password_hash	Савельев Анатолий Игоревич	2	\N	\N
53	онестеренко	default_password_hash	Нестеренко Олег Афанасьевич	2	\N	\N
54	ткалёнова	default_password_hash	Калёнова Татьяна Вениаминовна	2	\N	\N
55	пгаврилов	default_password_hash	Гаврилов Павел Федотович	2	\N	\N
56	гжракова2	default_password_hash	Жракова Галина Михайловна/Нестеренко Олег Афанасьевич	2	\N	\N
57	нартюшенко	default_password_hash	Артюшенко Наталия Николаевна	2	\N	\N
58	екозырева1	default_password_hash	Козырева Елена Владимировна/Савельева Анжелика Алексеевна	2	\N	\N
59	ишелекето	default_password_hash	Шелекето Ирина Александровна	2	\N	\N
60	юелфимова	default_password_hash	Елфимова Юлия Валерьевна	2	\N	\N
61	оюрова	default_password_hash	Юрова Ольга Николаевна	2	\N	\N
62	адолгин	default_password_hash	Долгин Александр Андреевич	2	\N	\N
63	слитвиненко	default_password_hash	Литвиненко Семён Иванович	2	\N	\N
64	огусева	default_password_hash	Гусева Ольга Александровна	2	\N	\N
65	нартюшенко1	default_password_hash	Артюшенко Наталия Николаевна/Байдакова Наталья Васильевна	2	\N	\N
66	гщекотур	default_password_hash	Щекотур Галина Александровна	2	\N	\N
67	нмирошкина	default_password_hash	Мирошкина Наталья Валентиновна	2	\N	\N
68	мбубнов	default_password_hash	Бубнов Максим Павлович	2	\N	\N
69	клуконин	default_password_hash	Луконин К.Д.	2	\N	\N
70	мфедотова	default_password_hash	Федотова Мария Александровна/Федотова Мария Александровна	2	\N	\N
71	ецыганкова	default_password_hash	Цыганкова Екатерина Борисовна	2	\N	\N
72	екозырева2	default_password_hash	Козырева Елена Владимировна	2	\N	\N
73	агребенникова	default_password_hash	Гребенникова Анна Борисовна	2	\N	\N
74	есаликова1	default_password_hash	Саликова Елена Валерьевна/Попова Анастасия Геннадьевна	2	\N	\N
75	ивдовина	default_password_hash	Вдовина Ирина Леонидовна	2	\N	\N
76	апавлов	default_password_hash	Павлов Анатолий Романович	2	\N	\N
77	вэкова2	default_password_hash	Экова Виктория Александровна/Федотова Мария Александровна	2	\N	\N
78	иволодина2	default_password_hash	Володина Ирина Викторовна/Савельева Анжелика Алексеевна	2	\N	\N
79	асавинов	default_password_hash	Савинов Александр Владимирович	2	\N	\N
80	мносарева	default_password_hash	Носарева Мария Викторовна/Бредихина Наталья Витальевна	2	\N	\N
81	кматочкин	default_password_hash	Маточкин Константин Юрьевич	2	\N	\N
82	юрепникова2	default_password_hash	Репникова Юлия Сергеевна	2	\N	\N
83	отюменцева	default_password_hash	Тюменцева Ольга Владимировна	2	\N	\N
84	мносарева1	default_password_hash	Носарева Мария Викторовна	2	\N	\N
85	лстарцева	default_password_hash	Старцева Людмила Александровна	2	\N	\N
86	юмаслова	default_password_hash	Маслова Юлия Борисовна	2	\N	\N
87	оорлова	default_password_hash	Орлова Олеся Александровна	2	\N	\N
88	икаменских1	default_password_hash	Каменских Инна Николаевна/	2	\N	\N
89	сблагинин	default_password_hash	Благинин Сергей Иванович	2	\N	\N
90	амурадова	default_password_hash	Мурадова Анна Петровна	2	\N	\N
91	клуконин1	default_password_hash	Луконин Кирилл Дмитриевич	2	\N	\N
92	дюдалович	default_password_hash	Юдалович Дмитрий Михайлович	2	\N	\N
93	гсаакова	default_password_hash	Саакова Гаянэ Григорьевна	2	\N	\N
94	ючибисова	default_password_hash	Чибисова Ю.В.	2	\N	\N
95	абурлакова	default_password_hash	Бурлакова А.С.	2	\N	\N
96	оабрамова	default_password_hash	Абрамова О.В.	2	\N	\N
97	саксенова	default_password_hash	Аксенова С.И.	2	\N	\N
98	нпанова	default_password_hash	Панова Н.В.	2	\N	\N
99	одевушкина	default_password_hash	Девушкина О.Д.	2	\N	\N
100	гмеркулова	default_password_hash	Меркулова Г.А.	2	\N	\N
101	лбоброва	default_password_hash	Боброва Л.А.	2	\N	\N
102	нвяткина	default_password_hash	Вяткина Н.Н.	2	\N	\N
103	спавлович	default_password_hash	Павлович С.В.	2	\N	\N
104	нбратик	default_password_hash	Братик Н.В.	2	\N	\N
105	одевушкина1	default_password_hash	Девушкина О.Д., Жукова Т.Н.	2	\N	\N
106	нпалагина	default_password_hash	Палагина Н.П.	2	\N	\N
107	нкарасева	default_password_hash	Карасева Н.В.	2	\N	\N
108	вдонскова	default_password_hash	Донскова В.В.	2	\N	\N
109	юсергачева	default_password_hash	Сергачева Ю.Ю.	2	\N	\N
110	тжукова	default_password_hash	Жукова Т.Н.	2	\N	\N
111	нпанова1	default_password_hash	Панова Н.В., Корчагина Н.А., 	2	\N	\N
112	нвласова	default_password_hash	Власова Н.А.	2	\N	\N
113	нвяткина1	default_password_hash	Вяткина Н.Н., Аринченков Г.Н.	2	\N	\N
114	юснргачева	default_password_hash	Снргачева Ю.Ю.	2	\N	\N
115	оабрамова1	default_password_hash	Абрамова О.В., Заводун Н.Н.	2	\N	\N
116	сгерасимова	default_password_hash	Герасимова С.П.	2	\N	\N
117	мгрицаева	default_password_hash	Грицаева М.С.	2	\N	\N
118	нпанова2	default_password_hash	Панова Н.В., 	2	\N	\N
119	тушакова	default_password_hash	Ушакова Т.Н.	2	\N	\N
120	нпанова3	default_password_hash	Панова Н.В., Корчагина Н.А.	2	\N	\N
121	абурлакова1	default_password_hash	Бурлакова А.С., Заводун Н.Н.	2	\N	\N
122	нкарасева1	default_password_hash	Карасева Н.С.	2	\N	\N
123	лбоброва1	default_password_hash	Боброва  Л.А.	2	\N	\N
124	ебоброва	default_password_hash	Боброва Е.В.	2	\N	\N
125	ебелецкая	default_password_hash	Белецкая Е.Ю.	2	\N	\N
126	гзайцева	default_password_hash	Зайцева Г.И.	2	\N	\N
127	лстарцева1	default_password_hash	Старцева Л.А.	2	\N	\N
128	емаликова	default_password_hash	Маликова Е.Ю.	2	\N	\N
129	кчернощёкова	default_password_hash	Чернощёкова К.В.	2	\N	\N
130	лсуслова	default_password_hash	Суслова Л.А.Юрьева Е.С.	2	\N	\N
131	епопова	default_password_hash	Попова Е.А.	2	\N	\N
132	вмалякин	default_password_hash	Малякин В.А.Абдуллаева А.А.	2	\N	\N
133	аконовская	default_password_hash	Коновская А.С.	2	\N	\N
134	нудалова	default_password_hash	Удалова Н.А.	2	\N	\N
135	ткорнюшина	default_password_hash	Корнюшина Т.П.	2	\N	\N
136	мбредихин	default_password_hash	Бредихин М.Ю.	2	\N	\N
137	еюрьева	default_password_hash	Юрьева Е.С.	2	\N	\N
138	адостовалова	default_password_hash	Достовалова А.С.	2	\N	\N
139	кведенина	default_password_hash	Веденина К.А.Бусловская Н.А.	2	\N	\N
140	пденисов	default_password_hash	Денисов П.А.	2	\N	\N
141	лсидоренко	default_password_hash	Сидоренко Л.А.	2	\N	\N
142	сгрушевская	default_password_hash	Грушевская С.Ю.	2	\N	\N
143	вшкарупа	default_password_hash	Шкарупа В.Н. Ларина М.А.	2	\N	\N
144	нкалинченко	default_password_hash	Калинченко Н.А.	2	\N	\N
145	сзахаров	default_password_hash	Захаров С.А.	2	\N	\N
146	есаликова2	default_password_hash	Саликова Е.В.	2	\N	\N
147	амакаров	default_password_hash	      Макаров А.В.	2	\N	\N
148	идолинина	default_password_hash	Долинина И.И.	2	\N	\N
149	ткорнюшина1	default_password_hash	Корнюшина Т.П.Абдуллаева А.А.	2	\N	\N
150	нбусловская	default_password_hash	Бусловская Н.А.Веденина К.А.	2	\N	\N
151	гвострокрылова	default_password_hash	Вострокрылова Г.А.	2	\N	\N
152	имаксимова	default_password_hash	Максимова И.Л.	2	\N	\N
153	амакаров1	default_password_hash	Макаров А.В.	2	\N	\N
154	взверева	default_password_hash	Зверева В.С.Абдуллаева А.А.	2	\N	\N
155	рзавьялова	default_password_hash	Завьялова Р.Г.	2	\N	\N
156	амакаров2	default_password_hash	Макаров А.В	2	\N	\N
157	взверева1	default_password_hash	Зверева В.С.	2	\N	\N
158	лсуслова1	default_password_hash	Суслова Л.А.        Юрьева Е.С.	2	\N	\N
159	ткорнюшина2	default_password_hash	Корнюшина Т.П.Чернощёкова К.В.	2	\N	\N
160	ргоршкова	default_password_hash	Горшкова Р.А.	2	\N	\N
161	мпищугина	default_password_hash	Пищугина М.М.	2	\N	\N
162	нмурзагалиева	default_password_hash	Мурзагалиева Н.А.	2	\N	\N
163	гщекотур1	default_password_hash	Щекотур Г.А.	2	\N	\N
164	вчернецкая	default_password_hash	Чернецкая В.В.	2	\N	\N
165	вшкарупа1	default_password_hash	Шкарупа В.Н.Ларина М.А.	2	\N	\N
166	аабдуллаева	default_password_hash	Абдуллаева А.А.	2	\N	\N
167	гвострокрылова1	default_password_hash	Вострокрылова Г.А	2	\N	\N
168	еголованова	default_password_hash	Голованова Елена Геннадьевна	2	\N	\N
169	вколожвари	default_password_hash	Коложвари Василина Анатольевна	2	\N	\N
170	стюрина	default_password_hash	Тюрина Светлана Анатольевна	2	\N	\N
171	естепанова	default_password_hash	Степанова Екатерина Петровна	2	\N	\N
172	вязепова	default_password_hash	Язепова Вероника Вячеславовна	2	\N	\N
173	абексбаева	default_password_hash	Бексбаева Асель Бекбулатовна/Чеботарев Борис Николаевич	2	\N	\N
174	ссехно	default_password_hash	Сехно Сергей Владимирович	2	\N	\N
175	окитаева	default_password_hash	Китаева Ольга Николаевна	2	\N	\N
176	мушакова	default_password_hash	Ушакова Мария Николаевна	2	\N	\N
177	наксенова	default_password_hash	Аксенова Наталья Ильинична	2	\N	\N
178	юхохлова	default_password_hash	Хохлова Юлия Владимировна	2	\N	\N
179	алопатин	default_password_hash	Лопатин Андрей Николаевич	2	\N	\N
180	ипозднышева	default_password_hash	Позднышева Ирина Владимировна	2	\N	\N
181	тломакина	default_password_hash	Ломакина Татьяна Юрьевна	2	\N	\N
182	мманцова	default_password_hash	Манцова Марина Николаевна	2	\N	\N
183	мчукамбаева	default_password_hash	Чукамбаева Мария Альбертовна/Родина Елена Николаевна	2	\N	\N
184	есавенкова	default_password_hash	Савенкова Елена Николаевна	2	\N	\N
185	акулиш	default_password_hash	Кулиш Анжелика Анатольевна	2	\N	\N
186	абексбаева1	default_password_hash	Бексбаева Асель Бекбулатовна	2	\N	\N
187	впищугин	default_password_hash	Пищугин Владислав Сергеевич	2	\N	\N
188	осайгина	default_password_hash	Сайгина Ольга Григорьевна	2	\N	\N
189	обратусь	default_password_hash	Братусь Олег Викторович	2	\N	\N
190	нчелапко	default_password_hash	Челапко Нина Михайловна	2	\N	\N
191	тартемова	default_password_hash	Артемова Татьяна Тимофеевна	2	\N	\N
192	акоробкин	default_password_hash	Коробкин Алексей Юрьевич	2	\N	\N
193	бчеботарев	default_password_hash	Чеботарев Борис Николаевич/Симакова Карина Андреевна	2	\N	\N
194	тюшкова	default_password_hash	Юшкова Татьяна Анатольевна	2	\N	\N
195	абексбаева2	default_password_hash	Бексбаева Асель Бекбулатовна/Симакова Карина Андреевна	2	\N	\N
196	нлужных	default_password_hash	Лужных Наталия Николаевна	2	\N	\N
197	изаяшников	default_password_hash	Заяшников Иван Николаевич	2	\N	\N
198	юмаслова1	default_password_hash	Маслова Юлия Борисовна/Маслова Юлия Борисовна	2	\N	\N
199	тфатеева	default_password_hash	Фатеева Татьяна Афанасьевна	2	\N	\N
200	икаменских2	default_password_hash	Каменских Инна Николаевна/Каменских Инна Николаевна	2	\N	\N
201	акузнецова1	default_password_hash	Кузнецова Анастасия Дюлавна/Сарбинтович Марина Марьяновна	2	\N	\N
202	нбайдакова	default_password_hash	Байдакова Наталья Васильевна	2	\N	\N
203	нкем	default_password_hash	Кем Неля Ивановна	2	\N	\N
204	ецыганкова1	default_password_hash	Цыганкова Екатерина Борисовна/Цыганкова Екатерина Борисовна	2	\N	\N
205	асавельева	default_password_hash	Савельева Анжелика Алексеевна	2	\N	\N
206	юмаслова2	default_password_hash	Маслова Юлия Борисовна/Репникова Юлия Сергеевна	2	\N	\N
207	икаменских3	default_password_hash	Каменских Инна Николаевна/Фролова Наталья Юрьевна	2	\N	\N
208	мфедотова1	default_password_hash	Федотова Мария Александровна	2	\N	\N
209	акузнецова2	default_password_hash	Кузнецова А.Д.	2	\N	\N
210	езвонарева1	default_password_hash	Звонарева Е.С.	2	\N	\N
211	f2fc9902	default_password_hash	324	2	\N	\N
212	072ba2a6	default_password_hash	3.2вц	2	\N	\N
214	нустич2	default_password_hash	Устич Н.А./Байдакова Н.В.	2	\N	\N
215	нбредихина	default_password_hash	Бредихина Наталья Витальевна	2	\N	\N
216	нартюшенко2	default_password_hash	Артюшенко Н.Н.	2	\N	\N
234	ргоршкова1	default_password_hash	Горшкова Раиса Александровна	2	\N	\N
1	Admin	$2a$12$uonu3JBM0gDTOom.4xPyIOkPhB2SKYY7ziz9AcYU1q0vtkWGOc/kC	admin	1	\N	\N
235	ивдовина1	default_password_hash	Вдовина И.Л.	2	\N	\N
239	икаменских4	default_password_hash	Каменских Инна Николаевна/Попова Анастасия Геннадьевна	2	\N	\N
236	нзахарова1	default_password_hash	Захарова Наталия Сергеевна/Захарова Наталия Сергеевна	2	\N	\N
241	едмитриева	default_password_hash	Дмитриева Елена Николаевна	2	\N	\N
228	иволодина3	default_password_hash	Володина Ирина Викторовна/ Савельева А.А.	2	\N	\N
229	апопова1	default_password_hash	Попова Анастасия Геннадьевна/Маслова Юлия Борисовна	2	\N	\N
230	лильина1	default_password_hash	Ильина Лариса Вячеславовна/Маслова Юлия Борисовна	2	\N	\N
225	лпавлова1	default_password_hash	Павлова Л.А.	2	\N	\N
217	стакташева1	default_password_hash	Такташева С.Б.	2	\N	\N
218	гжракова3	default_password_hash	Жракова Галина Михайловна/	2	\N	\N
219	мсарбинтович1	default_password_hash	Сарбинтович Марина Марьяновна/Кузнецова Анастасия Дюлавна	2	\N	\N
220	нфролова1	default_password_hash	Фролова Наталья Юрьевна/Байдакова Наталья Васильевна	2	\N	\N
221	асавельев1	default_password_hash	Савельев А.И.	2	\N	\N
222	агусев1	default_password_hash	Гусев Алексей Викторович	2	\N	\N
223	ткалёнова1	default_password_hash	Калёнова Татьяна Вениаминовна, Погорелова Н.С.	2	\N	\N
224	нбредихина1	default_password_hash	Бредихина Н.В.	2	\N	\N
226	гсаакова1	default_password_hash	Саакова Г.Г.	2	\N	\N
227	вэкова3	default_password_hash	Экова Виктория Александровна/Носарева Мария Викторовна	2	\N	\N
231	стараканова1	default_password_hash	Тараканова Светлана Вячеславовна/Тараканова Светлана Вячеславовна	2	\N	\N
232	вэкова4	default_password_hash	Экова В.А	2	\N	\N
237	агребенникова1	default_password_hash	Гребенникова А.Б	2	\N	\N
233	апопова2	default_password_hash	Попова Анастасия Геннадьевна/Каменских Инна Николаевна	2	\N	\N
240	юмаслова3	default_password_hash	Маслова Юлия Борисовна/Бредихина Наталья Витальевна	2	\N	\N
238	агребенникова2	default_password_hash	Гребенникова А.Б.	2	\N	\N
242	гжракова4	default_password_hash	Жракова Г.М.	2	\N	\N
243	нартюшенко3	default_password_hash	Артюшенко Наталия Николаевна/Артюшенко Наталия Николаевна	2	\N	\N
244	дарсентьев1	default_password_hash	Арсентьев Д.В.	2	\N	\N
245	нустич3	default_password_hash	Устич Н.Н.	2	\N	\N
246	икаменских5	default_password_hash	Каменских И.Н.	2	\N	\N
247	нустич4	default_password_hash	Устич Н.А.	2	\N	\N
248	юрепникова3	default_password_hash	Репникова Ю.С.	2	\N	\N
249	нустич5	default_password_hash	Устич Н.А	2	\N	\N
263	екурлович3	default_password_hash	Курлович Елена Павловна/Фролова Наталья Юрьевна	2	\N	\N
264	едмитриева2	default_password_hash	Дмитриева Е.Н.	2	\N	\N
213	ддугин	$2a$12$IkE4sCYFtP2QfujgEa3VxOwrFAnJDiSDIPOHZwoKX2rqbAuGoAjte	Дугин Денис Игоревич	2	$2a$11$8UDuE29q4yKxchd6HNhmMuJj5ed8b/9k0iOWI23CcbFpUMDvZAyVu	2026-05-01 22:49:05.049494
250	лполякова1	default_password_hash	Полякова Л.В	2	\N	\N
251	порин1	default_password_hash	Орин П.Д.	2	\N	\N
252	лполякова2	default_password_hash	Полякова Л.В.	2	\N	\N
2	dmitriev_aa@volpt.ru	$2a$12$Z0kDDOOtuU/6ezh8f9HzqelLRbDJBG65OBddga8n25vnnRv.HUF1m	Дмитриев Алексей Андреевич	2	\N	\N
253	a8c88a00	default_password_hash	308	2	\N	\N
254	гжракова5	default_password_hash	Жракова Галина Михайловна/Носарева Мария Викторовна	2	\N	\N
255	апопова3	default_password_hash	Попова Анастасия Геннадьевна/Саакова Гаянэ Григорьевна	2	\N	\N
256	екурлович1	default_password_hash	Курлович Е.П.	2	\N	\N
257	стараканова2	default_password_hash	Тараканова С.В.	2	\N	\N
258	сананьев1	default_password_hash	Ананьев С.А.	2	\N	\N
259	аананьев	default_password_hash	Ананьев А.С.	2	\N	\N
260	сананьев2	default_password_hash	Ананьев С.В.	2	\N	\N
261	едмитриева1	default_password_hash	Дмитриева Е.Н./Репникова Юлия Сергеевна	2	\N	\N
262	екурлович2	default_password_hash	Курлович Елена Павловна/Каменских Инна Николаевна	2	\N	\N
\.


--
-- TOC entry 3521 (class 0 OID 24757)
-- Dependencies: 237
-- Data for Name: UserGroupSubject; Type: TABLE DATA; Schema: public; Owner: postgres
--

COPY public."UserGroupSubject" ("UserId", "GroupId", "SubjectId") FROM stdin;
5	2	4
5	2	3
6	3	2
229	3	34
230	3	89
8	3	6
43	4	276
15	4	13
43	4	277
6	6	2
5	6	4
16	7	12
55	7	3
6	7	2
17	8	4
17	8	95
231	8	352
93	9	4
6	9	2
93	10	4
14	10	3
12	10	11
27	11	7
59	11	236
75	11	17
23	13	88
23	13	128
93	13	131
63	14	237
33	15	310
28	16	353
12	17	11
27	17	35
31	18	354
4	19	73
18	19	14
60	19	68
30	19	15
29	20	27
12	20	11
51	20	15
41	22	355
39	23	102
59	23	109
11	23	262
14	24	3
29	24	27
41	24	4
34	24	12
67	26	313
40	27	38
45	27	241
46	27	48
61	27	104
3	28	343
54	139	265
57	139	58
9	29	7
56	29	15
47	29	356
42	31	357
14	32	3
29	32	27
42	32	4
76	136	245
52	33	56
52	33	55
63	34	54
12	34	11
10	35	332
54	36	58
19	36	265
26	36	59
199	138	302
199	138	317
31	138	316
79	37	73
9	37	7
84	57	358
12	57	11
232	57	359
79	38	2
83	38	4
41	39	4
5	39	3
84	39	6
233	40	34
15	40	13
46	41	108
45	41	249
2	1	66
9	42	194
48	42	123
47	42	107
60	42	68
32	43	334
11	140	262
40	140	38
234	140	230
93	45	64
12	46	11
4	46	2
3	46	5
63	47	320
64	48	5
55	48	3
57	49	333
57	49	340
93	49	76
47	50	118
57	50	333
67	51	81
82	51	21
53	51	38
38	52	40
45	54	85
82	54	53
43	54	107
45	55	126
45	55	127
84	58	6
55	58	3
84	58	235
235	8	278
3	2	16
35	2	34
84	2	43
14	3	3
27	3	35
5	3	4
43	4	44
9	4	194
9	4	8
9	4	7
203	141	360
203	141	252
7	6	5
13	6	12
5	7	4
75	8	278
72	8	38
19	9	235
13	9	12
14	9	3
12	9	11
6	10	2
75	11	255
23	13	20
63	14	361
31	137	354
7	17	5
42	17	4
32	19	334
14	20	3
42	20	4
7	20	16
7	20	5
38	22	362
38	22	40
43	22	307
39	23	261
37	24	38
208	27	53
29	28	51
50	28	35
5	28	3
4	28	36
48	139	123
40	139	38
10	29	9
6	31	2
12	31	11
8	31	43
4	32	2
12	32	11
41	34	4
3	34	16
50	34	35
3	34	5
83	35	64
8	36	284
40	36	38
31	138	327
40	37	314
10	37	9
53	37	242
64	57	16
64	57	5
55	57	3
80	57	89
83	38	357
41	39	357
43	40	107
45	41	285
236	41	363
13	41	31
45	41	286
2	1	110
11	1	262
59	1	67
59	1	109
47	42	364
6	43	2
93	43	4
62	140	365
62	140	366
27	59	7
45	59	126
45	59	122
4	45	73
40	45	38
93	46	4
35	48	34
42	48	4
84	48	43
48	49	136
55	50	3
57	50	340
66	51	79
57	54	68
4	54	73
84	58	43
64	58	16
237	10	4
238	17	4
238	46	4
76	136	367
29	48	177
3	2	343
38	3	51
71	3	53
20	6	13
14	6	3
73	6	4
5	7	357
239	8	254
20	9	13
73	9	4
12	10	36
204	10	12
40	11	38
12	11	111
23	14	96
14	17	3
6	17	2
73	17	4
33	19	281
93	19	64
7	20	343
39	23	41
208	23	21
12	24	11
45	27	46
5	28	4
29	28	27
84	28	43
82	139	21
67	139	348
20	31	173
20	32	43
11	33	10
240	34	34
16	34	12
53	35	38
27	35	7
10	37	332
83	57	357
27	38	35
64	38	16
55	38	3
84	39	235
80	39	89
64	39	5
93	40	4
38	40	27
41	41	64
213	1	287
12	42	111
41	42	4
19	43	368
62	140	70
62	140	369
33	45	30
73	46	4
13	46	12
29	48	27
43	50	77
67	51	370
66	51	258
40	55	38
27	55	7
83	58	357
215	39	371
84	39	372
20	31	13
3	2	5
5	3	373
8	6	43
12	6	11
12	7	11
7	10	5
73	10	4
22	11	18
241	13	21
241	14	21
33	19	282
34	19	31
20	20	235
27	20	35
20	20	43
20	20	6
43	22	306
242	23	38
39	23	42
11	27	262
45	27	47
4	28	2
18	28	61
54	139	374
10	29	332
8	31	235
15	32	13
3	34	343
83	37	243
27	57	35
12	38	11
79	39	2
22	41	65
242	1	38
59	1	375
24	1	21
208	42	53
61	43	13
33	43	280
60	43	68
241	45	53
14	46	3
243	49	75
42	50	78
61	55	8
61	55	86
241	55	21
79	58	2
79	58	36
244	13	20
244	14	96
4	2	2
86	3	301
3	3	5
208	141	21
20	7	235
86	7	27
20	7	43
20	7	6
72	8	376
7	9	5
19	9	6
7	10	16
22	11	92
53	13	38
34	17	12
6	20	2
33	24	43
64	24	5
3	28	5
81	29	377
8	31	6
3	32	5
40	33	38
33	34	43
24	138	21
84	57	235
29	57	27
84	57	6
84	38	43
35	39	34
46	41	378
93	1	304
38	59	379
45	59	127
38	59	380
85	45	69
93	49	381
43	50	345
245	14	21
246	138	382
247	13	21
247	14	21
248	45	53
247	55	21
249	13	21
210	3	3
84	2	235
84	2	6
20	37	13
38	22	136
7	10	383
25	13	88
25	13	128
25	13	20
245	33	21
250	38	2
251	58	36
251	58	2
252	39	2
12	3	11
43	4	384
67	141	385
73	6	357
15	35	13
57	36	58
7	7	5
75	8	386
4	38	36
84	39	43
227	39	349
29	39	27
33	10	6
22	11	387
40	1	38
253	140	388
82	45	53
42	20	357
16	49	229
254	28	389
12	28	11
54	139	390
13	31	12
35	58	34
76	33	56
91	33	55
29	2	51
29	2	27
7	3	5
48	141	123
41	34	357
8	6	235
4	35	73
4	35	246
73	9	357
64	39	16
33	10	43
22	11	391
255	40	392
33	43	270
33	43	393
82	45	21
4	45	394
73	17	357
239	49	395
202	49	344
84	28	235
61	29	13
256	42	4
225	24	4
257	34	4
210	34	3
258	34	11
257	142	396
257	142	397
257	142	398
259	20	11
221	54	399
33	10	400
33	34	6
14	34	3
8	6	6
38	35	57
17	37	401
4	57	2
84	38	235
84	38	6
64	38	5
4	39	2
61	39	13
73	10	357
6	42	2
12	42	402
12	43	111
48	59	379
48	59	380
33	19	403
6	48	36
6	48	2
38	49	404
38	49	405
17	49	117
42	50	4
55	50	406
17	29	401
14	31	3
42	32	357
17	33	283
224	2	52
260	6	407
5	2	408
198	3	34
33	34	235
31	35	57
17	138	303
40	138	38
4	57	36
48	8	380
64	38	343
17	11	91
41	42	408
93	19	409
84	48	6
84	48	235
48	49	410
40	23	38
33	24	235
43	25	411
42	50	412
43	54	364
6	29	246
20	32	235
20	32	6
146	143	372
146	143	413
64	58	343
24	33	21
40	141	38
17	8	357
261	9	12
17	11	279
247	1	414
93	45	409
73	46	357
45	19	69
43	22	415
65	49	75
33	24	6
262	25	416
263	50	417
264	27	418
14	31	419
15	32	420
6	58	36
6	58	2
264	33	21
\.


--
-- TOC entry 3520 (class 0 OID 16549)
-- Dependencies: 236
-- Data for Name: system_settings; Type: TABLE DATA; Schema: public; Owner: postgres
--

COPY public.system_settings (key, value, updated_at) FROM stdin;
last_timetable_timestamp	1766682291	2025-12-25 17:17:29.589952
\.


--
-- TOC entry 3528 (class 0 OID 0)
-- Dependencies: 217
-- Name: Attendance_Id_seq; Type: SEQUENCE SET; Schema: public; Owner: postgres
--

SELECT pg_catalog.setval('public."Attendance_Id_seq"', 174, true);


--
-- TOC entry 3529 (class 0 OID 0)
-- Dependencies: 219
-- Name: Grade_Id_seq; Type: SEQUENCE SET; Schema: public; Owner: postgres
--

SELECT pg_catalog.setval('public."Grade_Id_seq"', 79, true);


--
-- TOC entry 3530 (class 0 OID 0)
-- Dependencies: 221
-- Name: Group_Id_seq; Type: SEQUENCE SET; Schema: public; Owner: postgres
--

SELECT pg_catalog.setval('public."Group_Id_seq"', 143, true);


--
-- TOC entry 3531 (class 0 OID 0)
-- Dependencies: 223
-- Name: Lesson_Id_seq; Type: SEQUENCE SET; Schema: public; Owner: postgres
--

SELECT pg_catalog.setval('public."Lesson_Id_seq"', 89111, true);


--
-- TOC entry 3532 (class 0 OID 0)
-- Dependencies: 227
-- Name: StudentTopic_Id_seq; Type: SEQUENCE SET; Schema: public; Owner: postgres
--

SELECT pg_catalog.setval('public."StudentTopic_Id_seq"', 1, false);


--
-- TOC entry 3533 (class 0 OID 0)
-- Dependencies: 228
-- Name: Student_Id_seq; Type: SEQUENCE SET; Schema: public; Owner: postgres
--

SELECT pg_catalog.setval('public."Student_Id_seq"', 24, true);


--
-- TOC entry 3534 (class 0 OID 0)
-- Dependencies: 230
-- Name: Subject_Id_seq; Type: SEQUENCE SET; Schema: public; Owner: postgres
--

SELECT pg_catalog.setval('public."Subject_Id_seq"', 420, true);


--
-- TOC entry 3535 (class 0 OID 0)
-- Dependencies: 233
-- Name: Topic_Id_seq; Type: SEQUENCE SET; Schema: public; Owner: postgres
--

SELECT pg_catalog.setval('public."Topic_Id_seq"', 1, false);


--
-- TOC entry 3536 (class 0 OID 0)
-- Dependencies: 235
-- Name: User_Id_seq; Type: SEQUENCE SET; Schema: public; Owner: postgres
--

SELECT pg_catalog.setval('public."User_Id_seq"', 264, true);


--
-- TOC entry 3311 (class 2606 OID 16451)
-- Name: AttendanceType AttendanceType_pkey; Type: CONSTRAINT; Schema: public; Owner: postgres
--

ALTER TABLE ONLY public."AttendanceType"
    ADD CONSTRAINT "AttendanceType_pkey" PRIMARY KEY ("Id");


--
-- TOC entry 3309 (class 2606 OID 16453)
-- Name: Attendance Attendance_pkey; Type: CONSTRAINT; Schema: public; Owner: postgres
--

ALTER TABLE ONLY public."Attendance"
    ADD CONSTRAINT "Attendance_pkey" PRIMARY KEY ("Id");


--
-- TOC entry 3313 (class 2606 OID 16455)
-- Name: Grade Grade_pkey; Type: CONSTRAINT; Schema: public; Owner: postgres
--

ALTER TABLE ONLY public."Grade"
    ADD CONSTRAINT "Grade_pkey" PRIMARY KEY ("Id");


--
-- TOC entry 3315 (class 2606 OID 16457)
-- Name: Group Group_pkey; Type: CONSTRAINT; Schema: public; Owner: postgres
--

ALTER TABLE ONLY public."Group"
    ADD CONSTRAINT "Group_pkey" PRIMARY KEY ("Id");


--
-- TOC entry 3317 (class 2606 OID 16459)
-- Name: Lesson Lesson_pkey; Type: CONSTRAINT; Schema: public; Owner: postgres
--

ALTER TABLE ONLY public."Lesson"
    ADD CONSTRAINT "Lesson_pkey" PRIMARY KEY ("Id");


--
-- TOC entry 3321 (class 2606 OID 16461)
-- Name: Role Role_pkey; Type: CONSTRAINT; Schema: public; Owner: postgres
--

ALTER TABLE ONLY public."Role"
    ADD CONSTRAINT "Role_pkey" PRIMARY KEY ("Id");


--
-- TOC entry 3325 (class 2606 OID 16463)
-- Name: StudentTopic StudentTopic_pkey; Type: CONSTRAINT; Schema: public; Owner: postgres
--

ALTER TABLE ONLY public."StudentTopic"
    ADD CONSTRAINT "StudentTopic_pkey" PRIMARY KEY ("Id");


--
-- TOC entry 3323 (class 2606 OID 16465)
-- Name: Student Student_pkey; Type: CONSTRAINT; Schema: public; Owner: postgres
--

ALTER TABLE ONLY public."Student"
    ADD CONSTRAINT "Student_pkey" PRIMARY KEY ("Id");


--
-- TOC entry 3327 (class 2606 OID 16467)
-- Name: Subject Subject_pkey; Type: CONSTRAINT; Schema: public; Owner: postgres
--

ALTER TABLE ONLY public."Subject"
    ADD CONSTRAINT "Subject_pkey" PRIMARY KEY ("Id");


--
-- TOC entry 3331 (class 2606 OID 16469)
-- Name: TopicType TopicType_pkey; Type: CONSTRAINT; Schema: public; Owner: postgres
--

ALTER TABLE ONLY public."TopicType"
    ADD CONSTRAINT "TopicType_pkey" PRIMARY KEY ("Id");


--
-- TOC entry 3329 (class 2606 OID 16471)
-- Name: Topic Topic_pkey; Type: CONSTRAINT; Schema: public; Owner: postgres
--

ALTER TABLE ONLY public."Topic"
    ADD CONSTRAINT "Topic_pkey" PRIMARY KEY ("Id");


--
-- TOC entry 3337 (class 2606 OID 24813)
-- Name: UserGroupSubject UserGroupSubjectUnique; Type: CONSTRAINT; Schema: public; Owner: postgres
--

ALTER TABLE ONLY public."UserGroupSubject"
    ADD CONSTRAINT "UserGroupSubjectUnique" UNIQUE ("UserId", "GroupId", "SubjectId");


--
-- TOC entry 3333 (class 2606 OID 16473)
-- Name: User User_pkey; Type: CONSTRAINT; Schema: public; Owner: postgres
--

ALTER TABLE ONLY public."User"
    ADD CONSTRAINT "User_pkey" PRIMARY KEY ("Id");


--
-- TOC entry 3335 (class 2606 OID 16556)
-- Name: system_settings system_settings_pkey; Type: CONSTRAINT; Schema: public; Owner: postgres
--

ALTER TABLE ONLY public.system_settings
    ADD CONSTRAINT system_settings_pkey PRIMARY KEY (key);


--
-- TOC entry 3319 (class 2606 OID 16563)
-- Name: Lesson unique_lesson; Type: CONSTRAINT; Schema: public; Owner: postgres
--

ALTER TABLE ONLY public."Lesson"
    ADD CONSTRAINT unique_lesson UNIQUE ("Date", "GroupId", "Number");


--
-- TOC entry 3338 (class 2606 OID 16479)
-- Name: Attendance FK_Attendance_StudentId; Type: FK CONSTRAINT; Schema: public; Owner: postgres
--

ALTER TABLE ONLY public."Attendance"
    ADD CONSTRAINT "FK_Attendance_StudentId" FOREIGN KEY ("StudentId") REFERENCES public."Student"("Id") ON UPDATE CASCADE ON DELETE CASCADE NOT VALID;


--
-- TOC entry 3339 (class 2606 OID 24825)
-- Name: Attendance FK_Attendance_SubjectId; Type: FK CONSTRAINT; Schema: public; Owner: postgres
--

ALTER TABLE ONLY public."Attendance"
    ADD CONSTRAINT "FK_Attendance_SubjectId" FOREIGN KEY ("SubjectId") REFERENCES public."Subject"("Id") ON UPDATE CASCADE ON DELETE CASCADE NOT VALID;


--
-- TOC entry 3340 (class 2606 OID 16484)
-- Name: Attendance FK_Attendance_TypeId; Type: FK CONSTRAINT; Schema: public; Owner: postgres
--

ALTER TABLE ONLY public."Attendance"
    ADD CONSTRAINT "FK_Attendance_TypeId" FOREIGN KEY ("TypeId") REFERENCES public."AttendanceType"("Id") NOT VALID;


--
-- TOC entry 3341 (class 2606 OID 16494)
-- Name: Grade FK_Grade_StudentId; Type: FK CONSTRAINT; Schema: public; Owner: postgres
--

ALTER TABLE ONLY public."Grade"
    ADD CONSTRAINT "FK_Grade_StudentId" FOREIGN KEY ("StudentId") REFERENCES public."Student"("Id") ON UPDATE CASCADE ON DELETE CASCADE NOT VALID;


--
-- TOC entry 3342 (class 2606 OID 24820)
-- Name: Grade FK_Grade_SubjectId; Type: FK CONSTRAINT; Schema: public; Owner: postgres
--

ALTER TABLE ONLY public."Grade"
    ADD CONSTRAINT "FK_Grade_SubjectId" FOREIGN KEY ("SubjectId") REFERENCES public."Subject"("Id") ON UPDATE CASCADE ON DELETE CASCADE NOT VALID;


--
-- TOC entry 3343 (class 2606 OID 16499)
-- Name: Lesson FK_Lesson_GroupId; Type: FK CONSTRAINT; Schema: public; Owner: postgres
--

ALTER TABLE ONLY public."Lesson"
    ADD CONSTRAINT "FK_Lesson_GroupId" FOREIGN KEY ("GroupId") REFERENCES public."Group"("Id") ON UPDATE CASCADE ON DELETE CASCADE NOT VALID;


--
-- TOC entry 3344 (class 2606 OID 16504)
-- Name: Lesson FK_Lesson_SubjectId; Type: FK CONSTRAINT; Schema: public; Owner: postgres
--

ALTER TABLE ONLY public."Lesson"
    ADD CONSTRAINT "FK_Lesson_SubjectId" FOREIGN KEY ("SubjectId") REFERENCES public."Subject"("Id") ON UPDATE CASCADE ON DELETE CASCADE NOT VALID;


--
-- TOC entry 3345 (class 2606 OID 16509)
-- Name: Lesson FK_Lesson_TopicId; Type: FK CONSTRAINT; Schema: public; Owner: postgres
--

ALTER TABLE ONLY public."Lesson"
    ADD CONSTRAINT "FK_Lesson_TopicId" FOREIGN KEY ("TopicId") REFERENCES public."Topic"("Id") NOT VALID;


--
-- TOC entry 3346 (class 2606 OID 16514)
-- Name: Lesson FK_Lesson_UserId; Type: FK CONSTRAINT; Schema: public; Owner: postgres
--

ALTER TABLE ONLY public."Lesson"
    ADD CONSTRAINT "FK_Lesson_UserId" FOREIGN KEY ("UserId") REFERENCES public."User"("Id") ON UPDATE CASCADE ON DELETE CASCADE NOT VALID;


--
-- TOC entry 3348 (class 2606 OID 16519)
-- Name: StudentTopic FK_StudentTopic_StudentId; Type: FK CONSTRAINT; Schema: public; Owner: postgres
--

ALTER TABLE ONLY public."StudentTopic"
    ADD CONSTRAINT "FK_StudentTopic_StudentId" FOREIGN KEY ("StudentId") REFERENCES public."Student"("Id") ON UPDATE CASCADE ON DELETE CASCADE;


--
-- TOC entry 3349 (class 2606 OID 16524)
-- Name: StudentTopic FK_StudentTopic_TopicId; Type: FK CONSTRAINT; Schema: public; Owner: postgres
--

ALTER TABLE ONLY public."StudentTopic"
    ADD CONSTRAINT "FK_StudentTopic_TopicId" FOREIGN KEY ("TopicId") REFERENCES public."Topic"("Id") ON UPDATE CASCADE ON DELETE CASCADE;


--
-- TOC entry 3347 (class 2606 OID 16529)
-- Name: Student FK_Student_GroupId; Type: FK CONSTRAINT; Schema: public; Owner: postgres
--

ALTER TABLE ONLY public."Student"
    ADD CONSTRAINT "FK_Student_GroupId" FOREIGN KEY ("GroupId") REFERENCES public."Group"("Id") ON UPDATE CASCADE ON DELETE CASCADE NOT VALID;


--
-- TOC entry 3350 (class 2606 OID 16534)
-- Name: Topic FK_Topic_SubjectId; Type: FK CONSTRAINT; Schema: public; Owner: postgres
--

ALTER TABLE ONLY public."Topic"
    ADD CONSTRAINT "FK_Topic_SubjectId" FOREIGN KEY ("SubjectId") REFERENCES public."Subject"("Id") NOT VALID;


--
-- TOC entry 3351 (class 2606 OID 16539)
-- Name: Topic FK_Topic_TypeId; Type: FK CONSTRAINT; Schema: public; Owner: postgres
--

ALTER TABLE ONLY public."Topic"
    ADD CONSTRAINT "FK_Topic_TypeId" FOREIGN KEY ("TypeId") REFERENCES public."TopicType"("Id") NOT VALID;


--
-- TOC entry 3352 (class 2606 OID 16544)
-- Name: User FK_User_RoleId; Type: FK CONSTRAINT; Schema: public; Owner: postgres
--

ALTER TABLE ONLY public."User"
    ADD CONSTRAINT "FK_User_RoleId" FOREIGN KEY ("RoleId") REFERENCES public."Role"("Id") ON UPDATE CASCADE ON DELETE CASCADE NOT VALID;


--
-- TOC entry 3353 (class 2606 OID 24782)
-- Name: UserGroupSubject UserGroupSubject_GroupId; Type: FK CONSTRAINT; Schema: public; Owner: postgres
--

ALTER TABLE ONLY public."UserGroupSubject"
    ADD CONSTRAINT "UserGroupSubject_GroupId" FOREIGN KEY ("GroupId") REFERENCES public."Group"("Id") ON UPDATE CASCADE ON DELETE CASCADE NOT VALID;


--
-- TOC entry 3354 (class 2606 OID 24814)
-- Name: UserGroupSubject UserGroupSubject_SubjectId; Type: FK CONSTRAINT; Schema: public; Owner: postgres
--

ALTER TABLE ONLY public."UserGroupSubject"
    ADD CONSTRAINT "UserGroupSubject_SubjectId" FOREIGN KEY ("SubjectId") REFERENCES public."Subject"("Id") NOT VALID;


--
-- TOC entry 3355 (class 2606 OID 24762)
-- Name: UserGroupSubject UserGroupSubject_UserId; Type: FK CONSTRAINT; Schema: public; Owner: postgres
--

ALTER TABLE ONLY public."UserGroupSubject"
    ADD CONSTRAINT "UserGroupSubject_UserId" FOREIGN KEY ("UserId") REFERENCES public."User"("Id") ON UPDATE CASCADE ON DELETE CASCADE;


-- Completed on 2026-04-29 13:52:26

--
-- PostgreSQL database dump complete
--

\unrestrict UdQb6YmsfbrRrNaeilwX0Qm9LOdKaheacjlNRFhuhJPgT5YehQzSZCxZu2nGsxm

